Timestamp,Sample,Mode,SenseWire,SourceMode,SourceSetpoint,Voltage_V,Current_A,Resistance_Ohm,Power_W,ComplianceLimit,ComplianceTrip,Elapsed_s,Status,Raw
"2026-08-26T04:43:36.713Z","a","time","4","VOLT","9","9.00001","-2.315133e-9","-3887469963.928638","-2.083622015133e-8","0.01","false","2.919","4217860","+9.000010E+00,-2.315133E-09,+3.498287E+03,+4.217860E+06"
"2026-08-26T04:43:37.192Z","a","time","4","VOLT","9","9.000037","-2.211045e-10","-40704901980.73762","-1.9899486808665003e-9","0.01","false","3.398","4217860","+9.000037E+00,-2.211045E-10,+3.498766E+03,+4.217860E+06"
"2026-08-26T04:43:37.464Z","a","time","4","VOLT","9","9.000047","2.439471e-10","36893437142.7248","2.1955353655137e-9","0.01","false","3.67","4217860","+9.000047E+00,+2.439471E-10,+3.499030E+03,+4.217860E+06"
"2026-08-26T04:43:37.608Z","a","time","4","VOLT","9","9.000047","-5.349299e-10","-16824722267.347553","-4.8143942417053e-9","0.01","false","3.814","4217860","+9.000047E+00,-5.349299E-10,+3.499170E+03,+4.217860E+06"
"2026-08-26T04:43:37.880Z","a","time","4","VOLT","9","9.000033","6.37645e-10","14114488469.289337","5.738826042285001e-9","0.01","false","4.086","4217860","+9.000033E+00,+6.376450E-10,+3.499438E+03,+4.217860E+06"
"2026-08-26T04:43:38.088Z","a","time","4","VOLT","9","9.000066","1.402778e-9","6415887617.2851305","1.2625094583348e-8","0.01","false","4.294","4217860","+9.000066E+00,+1.402778E-09,+3.499636E+03,+4.217860E+06"
"2026-08-26T04:43:38.295Z","a","time","4","VOLT","9","8.999986","-2.222858e-11","-404883532821.2598","-2.0005690879988e-10","0.01","false","4.501","4217860","+8.999986E+00,-2.222858E-11,+3.499842E+03,+4.217860E+06"
"2026-08-26T04:43:38.503Z","a","time","4","VOLT","9","8.999985","7.239975e-11","124309614328.77876","6.5159666400375e-10","0.01","false","4.709","4217860","+8.999985E+00,+7.239975E-11,+3.500048E+03,+4.217860E+06"
"2026-08-26T04:43:38.710Z","a","time","4","VOLT","9","9.000045","-5.765156e-11","-156111040186.9438","-5.188666343202e-10","0.01","false","4.916","4217860","+9.000045E+00,-5.765156E-11,+3.500250E+03,+4.217860E+06"
"2026-08-26T04:43:38.934Z","a","time","4","VOLT","9","9.000132","-3.005733e-10","-29943218509.428486","-2.7051993756756e-9","0.01","false","5.14","4217860","+9.000132E+00,-3.005733E-10,+3.500459E+03,+4.217860E+06"
"2026-08-26T04:43:39.126Z","a","time","4","VOLT","9","9.000019","-3.95733e-10","-22742654769.756374","-3.561604518927e-9","0.01","false","5.332","4217860","+9.000019E+00,-3.957330E-10,+3.500654E+03,+4.217860E+06"
"2026-08-26T04:43:39.349Z","a","time","4","VOLT","9","9.000019","1.597596e-9","5633476172.949858","1.4378394354324e-8","0.01","false","5.555","4217860","+9.000019E+00,+1.597596E-09,+3.500874E+03,+4.217860E+06"
"2026-08-26T04:43:39.542Z","a","time","4","VOLT","9","9.000167","1.07386e-9","8381136274.747172","9.66491933462e-9","0.01","false","5.748","4217860","+9.000167E+00,+1.073860E-09,+3.501066E+03,+4.217860E+06"
"2026-08-26T04:43:39.765Z","a","time","4","VOLT","9","9.000005","8.42587e-10","10681395511.6801","7.583287212935e-9","0.01","false","5.971","4217860","+9.000005E+00,+8.425870E-10,+3.501277E+03,+4.217860E+06"
"2026-08-26T04:43:39.973Z","a","time","4","VOLT","9","9.000047","7.408759e-10","12147846893.116648","6.6679179211673e-9","0.01","false","6.179","4217860","+9.000047E+00,+7.408759E-10,+3.501473E+03,+4.217860E+06"
"2026-08-26T04:43:40.181Z","a","time","4","VOLT","9","8.999895","1.636046e-9","5501003639.261977","1.472424221517e-8","0.01","false","6.387","4217860","+8.999895E+00,+1.636046E-09,+3.501688E+03,+4.217860E+06"
"2026-08-26T04:43:40.388Z","a","time","4","VOLT","9","9.000022","-4.676088e-10","-19246904677.585194","-4.2084894873936004e-9","0.01","false","6.594","4217860","+9.000022E+00,-4.676088E-10,+3.501890E+03,+4.217860E+06"
"2026-08-26T04:43:40.596Z","a","time","4","VOLT","9","9.00011","-2.271785e-10","-39616909170.54211","-2.044631489635e-9","0.01","false","6.802","4217860","+9.000110E+00,-2.271785E-10,+3.502088E+03,+4.217860E+06"
"2026-08-26T04:43:40.820Z","a","time","4","VOLT","9","9.000067","7.752865e-10","11608698203.825294","6.9776304441955e-9","0.01","false","7.026","4217860","+9.000067E+00,+7.752865E-10,+3.502302E+03,+4.217860E+06"
"2026-08-26T04:43:41.028Z","a","time","4","VOLT","9","9.000054","-4.681157e-10","-19226131488.433308","-4.2130665782478e-9","0.01","false","7.234","4217860","+9.000054E+00,-4.681157E-10,+3.502509E+03,+4.217860E+06"
"2026-08-26T04:43:41.235Z","a","time","4","VOLT","9","9.000074","-5.096216e-10","-17660307176.932842","-4.5866321119984005e-9","0.01","false","7.441","4217860","+9.000074E+00,-5.096216E-10,+3.502721E+03,+4.217860E+06"
"2026-08-26T04:43:41.443Z","a","time","4","VOLT","9","9.000018","-4.964617e-10","-18128322889.76169","-4.4681642363106e-9","0.01","false","7.649","4217860","+9.000018E+00,-4.964617E-10,+3.502914E+03,+4.217860E+06"
"2026-08-26T04:43:41.651Z","a","time","4","VOLT","9","9.000037","1.133055e-9","7943159864.260782","1.0197536923035e-8","0.01","false","7.857","4217860","+9.000037E+00,+1.133055E-09,+3.503116E+03,+4.217860E+06"
"2026-08-26T04:43:41.858Z","a","time","4","VOLT","9","9.000112","1.049561e-9","8575120455.123618","9.446166550832e-9","0.01","false","8.064","4217860","+9.000112E+00,+1.049561E-09,+3.503329E+03,+4.217860E+06"
"2026-08-26T04:43:42.066Z","a","time","4","VOLT","9","8.999966","1.245901e-9","7223660627.931112","1.1213066639366e-8","0.01","false","8.272","4217860","+8.999966E+00,+1.245901E-09,+3.503529E+03,+4.217860E+06"
"2026-08-26T04:43:42.274Z","a","time","4","VOLT","9","8.999992","8.719379e-10","10321826818.17134","7.847434124496802e-9","0.01","false","8.48","4217860","+8.999992E+00,+8.719379E-10,+3.503736E+03,+4.217860E+06"
"2026-08-26T04:43:42.481Z","a","time","4","VOLT","9","8.99988","1.184661e-9","7597008764.532638","1.0661806840679999e-8","0.01","false","8.687","4217860","+8.999880E+00,+1.184661E-09,+3.503937E+03,+4.217860E+06"
"2026-08-26T04:43:42.689Z","a","time","4","VOLT","9","9.00001","-2.362896e-10","-38088895998.80824","-2.1266087628959997e-9","0.01","false","8.895","4217860","+9.000010E+00,-2.362896E-10,+3.504136E+03,+4.217860E+06"
"2026-08-26T04:43:42.897Z","a","time","4","VOLT","9","9.000047","-6.271157e-11","-143514936717.41913","-5.6440707744379e-10","0.01","false","9.103","4217860","+9.000047E+00,-6.271157E-11,+3.504337E+03,+4.217860E+06"
"2026-08-26T04:43:43.106Z","a","time","4","VOLT","9","9.0001","5.030378e-10","17891498412.246555","4.52739050378e-9","0.01","false","9.312","4217860","+9.000100E+00,+5.030378E-10,+3.504542E+03,+4.217860E+06"
"2026-08-26T04:43:43.313Z","a","time","4","VOLT","9","8.99987","9.650197e-12","932609976770.4225","8.685051847438999e-11","0.01","false","9.519","4217860","+8.999870E+00,+9.650197E-12,+3.504744E+03,+4.217860E+06"
"2026-08-26T04:43:43.520Z","a","time","4","VOLT","9","8.999986","-4.524242e-10","-19892804142.6608","-4.0718114660612e-9","0.01","false","9.726","4217860","+8.999986E+00,-4.524242E-10,+3.504951E+03,+4.217860E+06"
"2026-08-26T04:43:43.729Z","a","time","4","VOLT","9","8.999999","-3.172767e-10","-28366403836.146812","-2.8554899827233e-9","0.01","false","9.935","4217860","+8.999999E+00,-3.172767E-10,+3.505146E+03,+4.217860E+06"
"2026-08-26T04:43:43.936Z","a","time","4","VOLT","9","9.000092","-3.709311e-10","-24263514167.4559","-3.3384140256612005e-9","0.01","false","10.142","4217860","+9.000092E+00,-3.709311E-10,+3.505357E+03,+4.217860E+06"
"2026-08-26T04:43:44.143Z","a","time","4","VOLT","9","9.00005","4.529401e-10","19870287483.929993","4.0764835470050005e-9","0.01","false","10.349","4217860","+9.000050E+00,+4.529401E-10,+3.505558E+03,+4.217860E+06"
"2026-08-26T04:43:44.352Z","a","time","4","VOLT","9","9.000078","-4.73684e-10","-19000173111.18805","-4.263192947352e-9","0.01","false","10.558","4217860","+9.000078E+00,-4.736840E-10,+3.505764E+03,+4.217860E+06"
"2026-08-26T04:43:44.559Z","a","time","4","VOLT","9","9.000032","1.146716e-9","7848527447.074951","1.0320480694911999e-8","0.01","false","10.765","4217860","+9.000032E+00,+1.146716E-09,+3.505966E+03,+4.217860E+06"
"2026-08-26T04:43:44.767Z","a","time","4","VOLT","9","9.000097","1.057149e-9","8513555799.608192","9.514443543453e-9","0.01","false","10.973","4217860","+9.000097E+00,+1.057149E-09,+3.506168E+03,+4.217860E+06"
"2026-08-26T04:43:44.974Z","a","time","4","VOLT","9","9.000171","1.16544e-9","7722551997.52883","1.048915929024e-8","0.01","false","11.18","4217860","+9.000171E+00,+1.165440E-09,+3.506375E+03,+4.217860E+06"
"2026-08-26T04:43:45.182Z","a","time","4","VOLT","9","9.000019","1.346096e-9","6686015707.646409","1.2114889575824e-8","0.01","false","11.388","4217860","+9.000019E+00,+1.346096E-09,+3.506572E+03,+4.217860E+06"
"2026-08-26T04:43:45.390Z","a","time","4","VOLT","9","9.000044","-1.160164e-11","-775756186194.3656","-1.0441527047216002e-10","0.01","false","11.596","4217860","+9.000044E+00,-1.160164E-11,+3.506779E+03,+4.217860E+06"
"2026-08-26T04:43:45.597Z","a","time","4","VOLT","9","9.000057","1.088351e-10","82694434056.66003","9.795221036007e-10","0.01","false","11.803","4217860","+9.000057E+00,+1.088351E-10,+3.506975E+03,+4.217860E+06"
"2026-08-26T04:43:45.821Z","a","time","4","VOLT","9","9.000082","8.557447e-10","10517251231.588114","7.701772471065401e-9","0.01","false","12.027","4217860","+9.000082E+00,+8.557447E-10,+3.507188E+03,+4.217860E+06"
"2026-08-26T04:43:46.013Z","a","time","4","VOLT","9","9.000002","4.139747e-10","21740463849.6024","3.7257731279494e-9","0.01","false","12.219","4217860","+9.000002E+00,+4.139747E-10,+3.507383E+03,+4.217860E+06"
"2026-08-26T04:43:46.237Z","a","time","4","VOLT","9","9.00008","-3.770047e-10","-23872593630.795586","-3.3930724603760003e-9","0.01","false","12.443","4217860","+9.000080E+00,-3.770047E-10,+3.507605E+03,+4.217860E+06"
"2026-08-26T04:43:46.445Z","a","time","4","VOLT","9","9.000067","-6.209788e-10","-14493356294.933096","-5.5888508055796e-9","0.01","false","12.651","4217860","+9.000067E+00,-6.209788E-10,+3.507801E+03,+4.217860E+06"
"2026-08-26T04:43:46.669Z","a","time","4","VOLT","9","9.000022","1.345588e-9","6688542109.471844","1.2110321602936e-8","0.01","false","12.875","4217860","+9.000022E+00,+1.345588E-09,+3.508020E+03,+4.217860E+06"
"2026-08-26T04:43:46.860Z","a","time","4","VOLT","9","9.00005","-6.660276e-10","-13513028589.205612","-5.99428170138e-9","0.01","false","13.066","4217860","+9.000050E+00,-6.660276E-10,+3.508209E+03,+4.217860E+06"
"2026-08-26T04:43:47.083Z","a","time","4","VOLT","9","8.999982","7.63646e-10","11785541991.9701","6.872800254371999e-9","0.01","false","13.289","4217860","+8.999982E+00,+7.636460E-10,+3.508433E+03,+4.217860E+06"
"2026-08-26T04:43:47.291Z","a","time","4","VOLT","9","9.000074","1.045006e-9","8612461555.244658","9.405131330444e-9","0.01","false","13.497","4217860","+9.000074E+00,+1.045006E-09,+3.508639E+03,+4.217860E+06"
"2026-08-26T04:43:47.500Z","a","time","4","VOLT","9","9.000089","1.089539e-9","8260456027.732829","9.805947968971e-9","0.01","false","13.706","4217860","+9.000089E+00,+1.089539E-09,+3.508833E+03,+4.217860E+06"
"2026-08-26T04:43:47.707Z","a","time","4","VOLT","9","9.00003","1.187706e-9","7577658107.309385","1.0689389631180002e-8","0.01","false","13.913","4217860","+9.000030E+00,+1.187706E-09,+3.509047E+03,+4.217860E+06"
"2026-08-26T04:43:47.930Z","a","time","4","VOLT","9","9.000091","-3.122156e-10","-28826525644.458508","-2.8099688116195996e-9","0.01","false","14.136","4217860","+9.000091E+00,-3.122156E-10,+3.509255E+03,+4.217860E+06"
"2026-08-26T04:43:48.122Z","a","time","4","VOLT","9","9.000057","-4.812759e-10","-18700410720.7529","-4.3315105327263e-9","0.01","false","14.328","4217860","+9.000057E+00,-4.812759E-10,+3.509448E+03,+4.217860E+06"
"2026-08-26T04:43:48.346Z","a","time","4","VOLT","9","9.000154","1.04703e-9","8595889325.043217","9.423431242620001e-9","0.01","false","14.552","4217860","+9.000154E+00,+1.047030E-09,+3.509667E+03,+4.217860E+06"
"2026-08-26T04:43:48.554Z","a","time","4","VOLT","9","9.000044","1.64466e-9","5472282417.034524","1.4802012365040002e-8","0.01","false","14.76","4217860","+9.000044E+00,+1.644660E-09,+3.509863E+03,+4.217860E+06"
"2026-08-26T04:43:48.761Z","a","time","4","VOLT","9","9.000132","1.370389e-9","6567574608.377622","1.2333681891348001e-8","0.01","false","14.967","4217860","+9.000132E+00,+1.370389E-09,+3.510074E+03,+4.217860E+06"
"2026-08-26T04:43:48.969Z","a","time","4","VOLT","9","9.000097","1.022233e-9","8804349888.91965","9.200196156601e-9","0.01","false","15.175","4217860","+9.000097E+00,+1.022233E-09,+3.510274E+03,+4.217860E+06"
"2026-08-26T04:43:49.177Z","a","time","4","VOLT","9","9.000027","5.328945e-10","16888947061.754248","4.796064888151499e-9","0.01","false","15.383","4217860","+9.000027E+00,+5.328945E-10,+3.510479E+03,+4.217860E+06"
"2026-08-26T04:43:49.385Z","a","time","4","VOLT","9","9.00008","-1.224241e-10","-73515590476.05824","-1.101826693928e-9","0.01","false","15.591","4217860","+9.000080E+00,-1.224241E-10,+3.510685E+03,+4.217860E+06"
"2026-08-26T04:43:49.593Z","a","time","4","VOLT","9","9.00013","4.65085e-10","19351580893.81511","4.1858254610500006e-9","0.01","false","15.799","4217860","+9.000130E+00,+4.650850E-10,+3.510888E+03,+4.217860E+06"
"2026-08-26T04:43:49.801Z","a","time","4","VOLT","9","8.999916","-8.30025e-10","-10842945694.406796","-7.4701552779e-9","0.01","false","16.007","4217860","+8.999916E+00,-8.300250E-10,+3.511093E+03,+4.217860E+06"
"2026-08-26T04:43:50.008Z","a","time","4","VOLT","9","9.000057","-9.762816e-11","-92187100525.09439","-8.7865900480512e-10","0.01","false","16.214","4217860","+9.000057E+00,-9.762816E-11,+3.511292E+03,+4.217860E+06"
"2026-08-26T04:43:50.232Z","a","time","4","VOLT","9","9.000006","6.917903e-10","13009731417.164999","6.226116850741801e-9","0.01","false","16.438","4217860","+9.000006E+00,+6.917903E-10,+3.511505E+03,+4.217860E+06"
"2026-08-26T04:43:50.423Z","a","time","4","VOLT","9","8.999946","-3.724493e-10","-24164217787.494835","-3.3520235877377994e-9","0.01","false","16.63","4217860","+8.999946E+00,-3.724493E-10,+3.511696E+03,+4.217860E+06"
"2026-08-26T04:43:50.648Z","a","time","4","VOLT","9","9.000077","1.134573e-9","7932567582.694105","1.0211244362120999e-8","0.01","false","16.854","4217860","+9.000077E+00,+1.134573E-09,+3.511916E+03,+4.217860E+06"
"2026-08-26T04:43:50.855Z","a","time","4","VOLT","9","9.000068","1.176072e-9","7652650517.995497","1.0584727972896e-8","0.01","false","17.061","4217860","+9.000068E+00,+1.176072E-09,+3.512107E+03,+4.217860E+06"
"2026-08-26T04:43:51.063Z","a","time","4","VOLT","9","9.00006","1.771167e-9","5081429362.674439","1.594060927002e-8","0.01","false","17.269","4217860","+9.000060E+00,+1.771167E-09,+3.512320E+03,+4.217860E+06"
"2026-08-26T04:43:51.270Z","a","time","4","VOLT","9","9.000097","-3.89154e-10","-23127340333.1329","-3.502423747938e-9","0.01","false","17.476","4217860","+9.000097E+00,-3.891540E-10,+3.512526E+03,+4.217860E+06"
"2026-08-26T04:43:51.478Z","a","time","4","VOLT","9","9.00005","7.327786e-10","12282086294.550632","6.5950440389299995e-9","0.01","false","17.684","4217860","+9.000050E+00,+7.327786E-10,+3.512728E+03,+4.217860E+06"
"2026-08-26T04:43:51.702Z","a","time","4","VOLT","9","9.00001","6.538368e-10","13764918095.769464","5.8845377383679994e-9","0.01","false","17.909","4217860","+9.000010E+00,+6.538368E-10,+3.512939E+03,+4.217860E+06"
"2026-08-26T04:43:51.893Z","a","time","4","VOLT","9","9.000051","-3.213257e-10","-28009122830.822433","-2.8919476876106995e-9","0.01","false","18.099","4217860","+9.000051E+00,-3.213257E-10,+3.513130E+03,+4.217860E+06"
"2026-08-26T04:43:52.117Z","a","time","4","VOLT","9","9.000103","1.578375e-9","5702132256.276234","1.4205537572624998e-8","0.01","false","18.323","4217860","+9.000103E+00,+1.578375E-09,+3.513349E+03,+4.217860E+06"
"2026-08-26T04:43:52.325Z","a","time","4","VOLT","9","9.000054","1.438703e-9","6255671948.970705","1.2948404689962e-8","0.01","false","18.531","4217860","+9.000054E+00,+1.438703E-09,+3.513560E+03,+4.217860E+06"
"2026-08-26T04:43:52.533Z","a","time","4","VOLT","9","8.999994","1.458433e-9","6171002713.186001","1.3125888249402e-8","0.01","false","18.739","4217860","+8.999994E+00,+1.458433E-09,+3.513756E+03,+4.217860E+06"
"2026-08-26T04:43:52.741Z","a","time","4","VOLT","9","9.00002","-4.544479e-10","-19804294397.663624","-4.090040188958e-9","0.01","false","18.947","4217860","+9.000020E+00,-4.544479E-10,+3.513961E+03,+4.217860E+06"
"2026-08-26T04:43:52.948Z","a","time","4","VOLT","9","9.000037","1.374941e-9","6545762327.256225","1.2374519872817e-8","0.01","false","19.154","4217860","+9.000037E+00,+1.374941E-09,+3.514163E+03,+4.217860E+06"
"2026-08-26T04:43:53.156Z","a","time","4","VOLT","9","9.000128","-6.366701e-10","-14136250469.434643","-5.7301123937728e-9","0.01","false","19.362","4217860","+9.000128E+00,-6.366701E-10,+3.514366E+03,+4.217860E+06"
"2026-08-26T04:43:53.363Z","a","time","4","VOLT","9","8.999974","1.473614e-9","6107416189.042721","1.3262487686036e-8","0.01","false","19.569","4217860","+8.999974E+00,+1.473614E-09,+3.514569E+03,+4.217860E+06"
"2026-08-26T04:43:53.587Z","a","time","4","VOLT","9","9.00004","8.972371e-10","10030838002.574793","8.075169789484e-9","0.01","false","19.793","4217860","+9.000040E+00,+8.972371E-10,+3.514779E+03,+4.217860E+06"
"2026-08-26T04:43:53.796Z","a","time","4","VOLT","9","9.000042","-6.169973e-11","-145868417900.6942","-5.553001613886601e-10","0.01","false","20.002","4217860","+9.000042E+00,-6.169973E-11,+3.514982E+03,+4.217860E+06"
"2026-08-26T04:43:54.003Z","a","time","4","VOLT","9","9.000117","-4.271157e-10","-21071847745.236244","-3.8440912725368994e-9","0.01","false","20.209","4217860","+9.000117E+00,-4.271157E-10,+3.515197E+03,+4.217860E+06"
"2026-08-26T04:43:54.226Z","a","time","4","VOLT","9","9.000064","-2.474254e-10","-36374858846.34318","-2.2268444352256004e-9","0.01","false","20.432","4217860","+9.000064E+00,-2.474254E-10,+3.515407E+03,+4.217860E+06"
"2026-08-26T04:43:54.418Z","a","time","4","VOLT","9","8.999988","-3.122148e-10","-28826269606.693855","-2.8099294534223997e-9","0.01","false","20.624","4217860","+8.999988E+00,-3.122148E-10,+3.515607E+03,+4.217860E+06"
"2026-08-26T04:43:54.642Z","a","time","4","VOLT","9","9.000048","-3.324622e-10","-27070891066.71375","-2.9921757581855996e-9","0.01","false","20.848","4217860","+9.000048E+00,-3.324622E-10,+3.515815E+03,+4.217860E+06"
"2026-08-26T04:43:54.850Z","a","time","4","VOLT","9","9.00008","-1.401354e-10","-64224171765.306984","-1.2612298108320002e-9","0.01","false","21.056","4217860","+9.000080E+00,-1.401354E-10,+3.516015E+03,+4.217860E+06"
"2026-08-26T04:43:55.057Z","a","time","4","VOLT","9","9.00003","1.330408e-9","6764864612.960836","1.1973711912240001e-8","0.01","false","21.263","4217860","+9.000030E+00,+1.330408E-09,+3.516231E+03,+4.217860E+06"
"2026-08-26T04:43:55.281Z","a","time","4","VOLT","9","9.000016","-1.639191e-10","-54905230690.01721","-1.4752745227056001e-9","0.01","false","21.487","4217860","+9.000016E+00,-1.639191E-10,+3.516439E+03,+4.217860E+06"
"2026-08-26T04:43:55.473Z","a","time","4","VOLT","9","9.00003","1.088017e-9","8271957147.728391","9.792185640510001e-9","0.01","false","21.679","4217860","+9.000030E+00,+1.088017E-09,+3.516639E+03,+4.217860E+06"
"2026-08-26T04:43:55.698Z","a","time","4","VOLT","9","9.000014","1.771492e-10","50804711508.71694","1.5943452800888002e-9","0.01","false","21.904","4217860","+9.000014E+00,+1.771492E-10,+3.516850E+03,+4.217860E+06"
"2026-08-26T04:43:55.889Z","a","time","4","VOLT","9","9.00002","6.750925e-10","13331536048.763687","6.075846001849999e-9","0.01","false","22.095","4217860","+9.000020E+00,+6.750925E-10,+3.517046E+03,+4.217860E+06"
"2026-08-26T04:43:56.112Z","a","time","4","VOLT","9","8.999928","1.374931e-9","6545730658.483953","1.2374280004968001e-8","0.01","false","22.318","4217860","+8.999928E+00,+1.374931E-09,+3.517260E+03,+4.217860E+06"
"2026-08-26T04:43:56.320Z","a","time","4","VOLT","9","8.999978","1.386072e-9","6493153313.824967","1.2474617506416e-8","0.01","false","22.526","4217860","+8.999978E+00,+1.386072E-09,+3.517457E+03,+4.217860E+06"
"2026-08-26T04:43:56.527Z","a","time","4","VOLT","9","9.000027","6.683401e-11","134662382221.26727","6.0150789451827e-10","0.01","false","22.733","4217860","+9.000027E+00,+6.683401E-11,+3.517663E+03,+4.217860E+06"
"2026-08-26T04:43:56.751Z","a","time","4","VOLT","9","9.000012","1.345082e-9","6691050805.824477","1.2105754140984e-8","0.01","false","22.957","4217860","+9.000012E+00,+1.345082E-09,+3.517878E+03,+4.217860E+06"
"2026-08-26T04:43:56.943Z","a","time","4","VOLT","9","9.000042","-5.718797e-10","-15737649019.540298","-5.1469413189474e-9","0.01","false","23.149","4217860","+9.000042E+00,-5.718797E-10,+3.518068E+03,+4.217860E+06"
"2026-08-26T04:43:57.167Z","a","time","4","VOLT","9","8.999989","1.391133e-9","6469538857.894967","1.2520181697537e-8","0.01","false","23.373","4217860","+8.999989E+00,+1.391133E-09,+3.518287E+03,+4.217860E+06"
"2026-08-26T04:43:57.375Z","a","time","4","VOLT","9","9.000168","-3.14746e-10","-28595019476.02194","-2.832766877328e-9","0.01","false","23.581","4217860","+9.000168E+00,-3.147460E-10,+3.518493E+03,+4.217860E+06"
"2026-08-26T04:43:57.599Z","a","time","4","VOLT","9","9.000125","1.142671e-9","7876392242.386478","1.0284181833875001e-8","0.01","false","23.805","4217860","+9.000125E+00,+1.142671E-09,+3.518708E+03,+4.217860E+06"
"2026-08-26T04:43:57.790Z","a","time","4","VOLT","9","9.000102","1.179107e-9","7632981569.950819","1.0612083268914e-8","0.01","false","23.996","4217860","+9.000102E+00,+1.179107E-09,+3.518903E+03,+4.217860E+06"
"2026-08-26T04:43:58.014Z","a","time","4","VOLT","9","9.000128","1.344082e-9","6696115266.776878","1.2096910042496e-8","0.01","false","24.22","4217860","+9.000128E+00,+1.344082E-09,+3.519116E+03,+4.217860E+06"
"2026-08-26T04:43:58.205Z","a","time","4","VOLT","9","9.000067","1.527258e-9","5892957836.855331","1.3745424326286e-8","0.01","false","24.411","4217860","+9.000067E+00,+1.527258E-09,+3.519312E+03,+4.217860E+06"
"2026-08-26T04:43:58.429Z","a","time","4","VOLT","9","9.000054","8.471447e-10","10623986669.573687","7.6243480458138e-9","0.01","false","24.635","4217860","+9.000054E+00,+8.471447E-10,+3.519522E+03,+4.217860E+06"
"2026-08-26T04:43:58.638Z","a","time","4","VOLT","9","8.999985","-1.011707e-10","-88958413849.06895","-9.105347824395e-10","0.01","false","24.844","4217860","+8.999985E+00,-1.011707E-10,+3.519732E+03,+4.217860E+06"
"2026-08-26T04:43:58.844Z","a","time","4","VOLT","9","9.00009","1.270696e-9","7082803440.004534","1.143637836264e-8","0.01","false","25.05","4217860","+9.000090E+00,+1.270696E-09,+3.519933E+03,+4.217860E+06"
"2026-08-26T04:43:59.053Z","a","time","4","VOLT","9","8.999885","-2.540053e-10","-35431878783.63168","-2.2860184893905003e-9","0.01","false","25.259","4217860","+8.999885E+00,-2.540053E-10,+3.520140E+03,+4.217860E+06"
"2026-08-26T04:43:59.260Z","a","time","4","VOLT","9","8.999995","8.100307e-11","111106838296.37567","7.290272249846501e-10","0.01","false","25.466","4217860","+8.999995E+00,+8.100307E-11,+3.520335E+03,+4.217860E+06"
"2026-08-26T04:43:59.484Z","a","time","4","VOLT","9","9.000055","1.612268e-9","5582232606.489739","1.451050067474e-8","0.01","false","25.69","4217860","+9.000055E+00,+1.612268E-09,+3.520553E+03,+4.217860E+06"
"2026-08-26T04:43:59.675Z","a","time","4","VOLT","9","9.000085","-5.207564e-10","-17282716064.55533","-4.6868518642939994e-9","0.01","false","25.881","4217860","+9.000085E+00,-5.207564E-10,+3.520741E+03,+4.217860E+06"
"2026-08-26T04:43:59.899Z","a","time","4","VOLT","9","9.000061","1.469067e-9","6126378851.338979","1.3221692613087002e-8","0.01","false","26.105","4217860","+9.000061E+00,+1.469067E-09,+3.520959E+03,+4.217860E+06"
"2026-08-26T04:44:00.107Z","a","time","4","VOLT","9","9.000047","-3.086719e-10","-29157325302.367985","-2.7780616075793004e-9","0.01","false","26.313","4217860","+9.000047E+00,-3.086719E-10,+3.521165E+03,+4.217860E+06"
"2026-08-26T04:44:00.315Z","a","time","4","VOLT","9","9.000074","1.33952e-9","6718879897.276636","1.205577912448e-8","0.01","false","26.521","4217860","+9.000074E+00,+1.339520E-09,+3.521368E+03,+4.217860E+06"
"2026-08-26T04:44:00.523Z","a","time","4","VOLT","9","8.999992","-6.184473e-10","-14552560905.351192","-5.566020752421601e-9","0.01","false","26.729","4217860","+8.999992E+00,-6.184473E-10,+3.521571E+03,+4.217860E+06"
"2026-08-26T04:44:00.730Z","a","time","4","VOLT","9","9.000005","1.347611e-9","6678488822.071057","1.2128505738055e-8","0.01","false","26.936","4217860","+9.000005E+00,+1.347611E-09,+3.521776E+03,+4.217860E+06"
"2026-08-26T04:44:00.954Z","a","time","4","VOLT","9","9.000089","1.290436e-9","6974455920.324603","1.1614038848803998e-8","0.01","false","27.16","4217860","+9.000089E+00,+1.290436E-09,+3.521988E+03,+4.217860E+06"
"2026-08-26T04:44:01.162Z","a","time","4","VOLT","9","9.000042","-3.678935e-10","-24463715722.07718","-3.311056951527e-9","0.01","false","27.368","4217860","+9.000042E+00,-3.678935E-10,+3.522191E+03,+4.217860E+06"
"2026-08-26T04:44:01.369Z","a","time","4","VOLT","9","9.000102","-5.415106e-10","-16620361632.810143","-4.8736506340812e-9","0.01","false","27.575","4217860","+9.000102E+00,-5.415106E-10,+3.522399E+03,+4.217860E+06"
"2026-08-26T04:44:01.577Z","a","time","4","VOLT","9","9.000062","1.401758e-9","6420553333.742344","1.2615908908995999e-8","0.01","false","27.783","4217860","+9.000062E+00,+1.401758E-09,+3.522605E+03,+4.217860E+06"
"2026-08-26T04:44:01.801Z","a","time","4","VOLT","9","9.00009","1.552053e-9","5798829034.833218","1.396861668477e-8","0.01","false","28.007","4217860","+9.000090E+00,+1.552053E-09,+3.522817E+03,+4.217860E+06"
"2026-08-26T04:44:01.992Z","a","time","4","VOLT","9","9.000072","1.605691e-9","5605108330.307637","1.4451334609751998e-8","0.01","false","28.198","4217860","+9.000072E+00,+1.605691E-09,+3.523013E+03,+4.217860E+06"
"2026-08-26T04:44:02.217Z","a","time","4","VOLT","9","9.000086","1.254509e-9","7174190061.609761","1.1290688887774e-8","0.01","false","28.423","4217860","+9.000086E+00,+1.254509E-09,+3.523226E+03,+4.217860E+06"
"2026-08-26T04:44:02.424Z","a","time","4","VOLT","9","9.000042","5.779306e-10","15572876743.332159","5.2013996730852e-9","0.01","false","28.63","4217860","+9.000042E+00,+5.779306E-10,+3.523434E+03,+4.217860E+06"
"2026-08-26T04:44:02.648Z","a","time","4","VOLT","9","9.000014","1.048633e-12","8582615652950.078","9.437711680862001e-12","0.01","false","28.854","4217860","+9.000014E+00,+1.048633E-12,+3.523644E+03,+4.217860E+06"
"2026-08-26T04:44:02.840Z","a","time","4","VOLT","9","9.000047","4.089154e-10","22009557478.148293","3.6802578190238e-9","0.01","false","29.046","4217860","+9.000047E+00,+4.089154E-10,+3.523842E+03,+4.217860E+06"
"2026-08-26T04:44:03.064Z","a","time","4","VOLT","9","9.000099","1.384053e-9","6502712685.135613","1.2456614021247e-8","0.01","false","29.27","4217860","+9.000099E+00,+1.384053E-09,+3.524059E+03,+4.217860E+06"
"2026-08-26T04:44:03.271Z","a","time","4","VOLT","9","9.00011","1.215032e-9","7407302852.928976","1.0935421653519999e-8","0.01","false","29.477","4217860","+9.000110E+00,+1.215032E-09,+3.524254E+03,+4.217860E+06"
"2026-08-26T04:44:03.479Z","a","time","4","VOLT","9","9.000047","4.97472e-10","18091564952.399334","4.477271381184e-9","0.01","false","29.685","4217860","+9.000047E+00,+4.974720E-10,+3.524469E+03,+4.217860E+06"
"2026-08-26T04:44:03.686Z","a","time","4","VOLT","9","9.000037","1.286393e-9","6996335490.009663","1.1577584596541001e-8","0.01","false","29.892","4217860","+9.000037E+00,+1.286393E-09,+3.524675E+03,+4.217860E+06"
"2026-08-26T04:44:03.894Z","a","time","4","VOLT","9","9.000033","1.497403e-9","6010428054.4382515","1.3476676414299e-8","0.01","false","30.1","4217860","+9.000033E+00,+1.497403E-09,+3.524870E+03,+4.217860E+06"
"2026-08-26T04:44:04.102Z","a","time","4","VOLT","9","9.000139","-4.524248e-10","-19893115938.825638","-4.0718860870472e-9","0.01","false","30.308","4217860","+9.000139E+00,-4.524248E-10,+3.525079E+03,+4.217860E+06"
"2026-08-26T04:44:04.310Z","a","time","4","VOLT","9","9.000012","1.206428e-9","7460049004.167676","1.0857866477135999e-8","0.01","false","30.516","4217860","+9.000012E+00,+1.206428E-09,+3.525282E+03,+4.217860E+06"
"2026-08-26T04:44:04.533Z","a","time","4","VOLT","9","9.000072","1.508542e-9","5966073201.806777","1.3576986615024e-8","0.01","false","30.739","4217860","+9.000072E+00,+1.508542E-09,+3.525492E+03,+4.217860E+06"
"2026-08-26T04:44:04.725Z","a","time","4","VOLT","9","9.000067","7.489726e-10","12016550405.181711","6.740803581164199e-9","0.01","false","30.931","4217860","+9.000067E+00,+7.489726E-10,+3.525685E+03,+4.217860E+06"
"2026-08-26T04:44:04.949Z","a","time","4","VOLT","9","8.999991","-1.204005e-10","-74750445388.51582","-1.0836034163954999e-9","0.01","false","31.155","4217860","+8.999991E+00,-1.204005E-10,+3.525905E+03,+4.217860E+06"
"2026-08-26T04:44:05.140Z","a","time","4","VOLT","9","9.000068","1.185185e-9","7593808561.532588","1.066674559258e-8","0.01","false","31.346","4217860","+9.000068E+00,+1.185185E-09,+3.526097E+03,+4.217860E+06"
"2026-08-26T04:44:05.365Z","a","time","4","VOLT","9","9.000047","1.262601e-9","7128179844.622331","1.1363468342247002e-8","0.01","false","31.571","4217860","+9.000047E+00,+1.262601E-09,+3.526309E+03,+4.217860E+06"
"2026-08-26T04:44:05.572Z","a","time","4","VOLT","9","8.99986","2.414137e-10","37279822976.077995","2.172689502082e-9","0.01","false","31.778","4217860","+8.999860E+00,+2.414137E-10,+3.526514E+03,+4.217860E+06"
"2026-08-26T04:44:05.779Z","a","time","4","VOLT","9","8.999993","-4.549552e-10","-19782152176.7418","-4.0945936153136e-9","0.01","false","31.985","4217860","+8.999993E+00,-4.549552E-10,+3.526718E+03,+4.217860E+06"
"2026-08-26T04:44:05.987Z","a","time","4","VOLT","9","9.000145","-6.098434e-10","-14758124790.724964","-5.4886790272929995e-9","0.01","false","32.193","4217860","+9.000145E+00,-6.098434E-10,+3.526914E+03,+4.217860E+06"
"2026-08-26T04:44:06.195Z","a","time","4","VOLT","9","9.00005","1.327878e-9","6777768740.802996","1.19509683939e-8","0.01","false","32.401","4217860","+9.000050E+00,+1.327878E-09,+3.527120E+03,+4.217860E+06"
"2026-08-26T04:44:06.419Z","a","time","4","VOLT","9","9.0001","1.166452e-9","7715791134.14011","1.0498184645200001e-8","0.01","false","32.625","4217860","+9.000100E+00,+1.166452E-09,+3.527333E+03,+4.217860E+06"
"2026-08-26T04:44:06.610Z","a","time","4","VOLT","9","9.000002","1.128498e-9","7975204209.489074","1.0156484256996e-8","0.01","false","32.816","4217860","+9.000002E+00,+1.128498E-09,+3.527529E+03,+4.217860E+06"
"2026-08-26T04:44:06.835Z","a","time","4","VOLT","9","9.00007","-2.843757e-10","-31648519898.148823","-2.5594012062989994e-9","0.01","false","33.041","4217860","+9.000070E+00,-2.843757E-10,+3.527747E+03,+4.217860E+06"
"2026-08-26T04:44:07.042Z","a","time","4","VOLT","9","9.00005","1.015147e-9","8865760328.30713","9.13637375735e-9","0.01","false","33.248","4217860","+9.000050E+00,+1.015147E-09,+3.527949E+03,+4.217860E+06"
"2026-08-26T04:44:07.250Z","a","time","4","VOLT","9","9.000035","-1.173638e-10","-76684931810.31972","-1.056278307733e-9","0.01","false","33.456","4217860","+9.000035E+00,-1.173638E-10,+3.528157E+03,+4.217860E+06"
"2026-08-26T04:44:07.458Z","a","time","4","VOLT","9","9.000054","1.193781e-9","7539116471.111535","1.0744093464174002e-8","0.01","false","33.664","4217860","+9.000054E+00,+1.193781E-09,+3.528361E+03,+4.217860E+06"
"2026-08-26T04:44:07.665Z","a","time","4","VOLT","9","8.999983","9.417672e-10","9556483810.436378","8.4758887899576e-9","0.01","false","33.871","4217860","+8.999983E+00,+9.417672E-10,+3.528558E+03,+4.217860E+06"
"2026-08-26T04:44:07.873Z","a","time","4","VOLT","9","9.000035","9.088778e-10","9902359811.18694","8.179932010723e-9","0.01","false","34.079","4217860","+9.000035E+00,+9.088778E-10,+3.528763E+03,+4.217860E+06"
"2026-08-26T04:44:08.080Z","a","time","4","VOLT","9","9.000035","1.359756e-9","6618860295.523609","1.2237851591460001e-8","0.01","false","34.286","4217860","+9.000035E+00,+1.359756E-09,+3.528962E+03,+4.217860E+06"
"2026-08-26T04:44:08.304Z","a","time","4","VOLT","9","9.000139","9.068589e-10","9924519679.963444","8.1618561533871e-9","0.01","false","34.51","4217860","+9.000139E+00,+9.068589E-10,+3.529176E+03,+4.217860E+06"
"2026-08-26T04:44:08.512Z","a","time","4","VOLT","9","9.000072","1.370044e-11","656918463932.5452","1.2330494643168e-10","0.01","false","34.718","4217860","+9.000072E+00,+1.370044E-11,+3.529380E+03,+4.217860E+06"
"2026-08-26T04:44:08.736Z","a","time","4","VOLT","9","8.999985","1.304598e-9","6898665335.988558","1.174136243103e-8","0.01","false","34.942","4217860","+8.999985E+00,+1.304598E-09,+3.529598E+03,+4.217860E+06"
"2026-08-26T04:44:08.944Z","a","time","4","VOLT","9","9.00001","-2.443883e-10","-36826681146.356026","-2.199497143883e-9","0.01","false","35.15","4217860","+9.000010E+00,-2.443883E-10,+3.529803E+03,+4.217860E+06"
"2026-08-26T04:44:09.151Z","a","time","4","VOLT","9","9.00006","8.441068e-10","10662228997.562866","7.597011846408e-9","0.01","false","35.357","4217860","+9.000060E+00,+8.441068E-10,+3.530017E+03,+4.217860E+06"
"2026-08-26T04:44:09.359Z","a","time","4","VOLT","9","9.000014","8.005859e-10","11241784298.224588","7.2052843082025995e-9","0.01","false","35.565","4217860","+9.000014E+00,+8.005859E-10,+3.530218E+03,+4.217860E+06"
"2026-08-26T04:44:09.567Z","a","time","4","VOLT","9","9.000032","8.73456e-10","10303932882.709604","7.861131950591998e-9","0.01","false","35.773","4217860","+9.000032E+00,+8.734560E-10,+3.530413E+03,+4.217860E+06"
"2026-08-26T04:44:09.775Z","a","time","4","VOLT","9","9.000081","-5.714491e-11","-157495759464.84122","-5.143088187377099e-10","0.01","false","35.981","4217860","+9.000081E+00,-5.714491E-11,+3.530616E+03,+4.217860E+06"
"2026-08-26T04:44:09.982Z","a","time","4","VOLT","9","8.99999","-4.088928e-10","-22010634572.19105","-3.680031111072e-9","0.01","false","36.188","4217860","+8.999990E+00,-4.088928E-10,+3.530822E+03,+4.217860E+06"
"2026-08-26T04:44:10.190Z","a","time","4","VOLT","9","9.000055","-1.61895e-10","-55591926866.178696","-1.4570639042249999e-9","0.01","false","36.396","4217860","+9.000055E+00,-1.618950E-10,+3.531023E+03,+4.217860E+06"
"2026-08-26T04:44:10.398Z","a","time","4","VOLT","9","9.000016","-4.306589e-10","-20898246849.188534","-3.8759369905424e-9","0.01","false","36.604","4217860","+9.000016E+00,-4.306589E-10,+3.531233E+03,+4.217860E+06"
"2026-08-26T04:44:10.606Z","a","time","4","VOLT","9","9.000044","1.599623e-9","5626353209.474983","1.4396677383412e-8","0.01","false","36.812","4217860","+9.000044E+00,+1.599623E-09,+3.531436E+03,+4.217860E+06"
"2026-08-26T04:44:10.830Z","a","time","4","VOLT","9","9.0001","-2.656474e-10","-33879872342.059437","-2.39085316474e-9","0.01","false","37.036","4217860","+9.000100E+00,-2.656474E-10,+3.531643E+03,+4.217860E+06"
"2026-08-26T04:44:11.226Z","a","time","4","VOLT","9","8.999971","1.41727e-10","63502162608.39501","1.2755388899170002e-9","0.01","false","37.432","4217860","+8.999971E+00,+1.417270E-10,+3.531849E+03,+4.217860E+06"
"2026-08-26T04:44:11.341Z","a","time","4","VOLT","9","9.000022","-4.483744e-10","-20072559896.37232","-4.0353794642367995e-9","0.01","false","37.547","4217860","+9.000022E+00,-4.483744E-10,+3.532147E+03,+4.217860E+06"
"2026-08-26T04:44:11.868Z","a","time","4","VOLT","9","8.999982","1.510556e-9","5958059151.729562","1.3594976809991999e-8","0.01","false","38.074","4217860","+8.999982E+00,+1.510556E-09,+3.532666E+03,+4.217860E+06"
"2026-08-26T04:44:12.123Z","a","time","4","VOLT","9","9.000077","-8.244704e-11","-109161917759.57027","-7.420297084220799e-10","0.01","false","38.329","4217860","+9.000077E+00,-8.244704E-11,+3.532922E+03,+4.217860E+06"
"2026-08-26T04:44:12.283Z","a","time","4","VOLT","9","9.000068","-4.296458e-10","-20947645711.886395","-3.866841415914401e-9","0.01","false","38.489","4217860","+9.000068E+00,-4.296458E-10,+3.533082E+03,+4.217860E+06"
"2026-08-26T04:44:12.540Z","a","time","4","VOLT","9","9.00001","1.48475e-9","6061633271.594544","1.33627648475e-8","0.01","false","38.746","4217860","+9.000010E+00,+1.484750E-09,+3.533336E+03,+4.217860E+06"
"2026-08-26T04:44:12.747Z","a","time","4","VOLT","9","9.000055","7.054511e-10","12757872232.391443","6.3490986998105e-9","0.01","false","38.953","4217860","+9.000055E+00,+7.054511E-10,+3.533527E+03,+4.217860E+06"
"2026-08-26T04:44:12.970Z","a","time","4","VOLT","9","9.000016","3.259252e-10","27613746957.890953","2.9333320148032003e-9","0.01","false","39.177","4217860","+9.000016E+00,+3.259252E-10,+3.533749E+03,+4.217860E+06"
"2026-08-26T04:44:13.179Z","a","time","4","VOLT","9","9.00006","1.153801e-9","7800357253.980538","1.038427822806e-8","0.01","false","39.385","4217860","+9.000060E+00,+1.153801E-09,+3.533954E+03,+4.217860E+06"
"2026-08-26T04:44:13.386Z","a","time","4","VOLT","9","9.00006","1.066368e-11","843991942743.9683","9.59737598208e-11","0.01","false","39.592","4217860","+9.000060E+00,+1.066368E-11,+3.534164E+03,+4.217860E+06"
"2026-08-26T04:44:13.594Z","a","time","4","VOLT","9","8.999997","4.478781e-10","20094746762.56776","4.030901556365701e-9","0.01","false","39.8","4217860","+8.999997E+00,+4.478781E-10,+3.534370E+03,+4.217860E+06"
"2026-08-26T04:44:13.818Z","a","time","4","VOLT","9","9.000019","7.78322e-10","11563361950.452383","7.004912788118e-9","0.01","false","40.024","4217860","+9.000019E+00,+7.783220E-10,+3.534581E+03,+4.217860E+06"
"2026-08-26T04:44:14.010Z","a","time","4","VOLT","9","8.999965","1.321803e-9","6808855026.051537","1.1896180736894999e-8","0.01","false","40.216","4217860","+8.999965E+00,+1.321803E-09,+3.534772E+03,+4.217860E+06"
"2026-08-26T04:44:14.233Z","a","time","4","VOLT","9","9.000052","8.785164e-10","10244603287.997812","7.9066932828528e-9","0.01","false","40.439","4217860","+9.000052E+00,+8.785164E-10,+3.534997E+03,+4.217860E+06"
"2026-08-26T04:44:14.440Z","a","time","4","VOLT","9","9.000037","1.176068e-9","7652650186.893955","1.0584655514516002e-8","0.01","false","40.646","4217860","+9.000037E+00,+1.176068E-09,+3.535192E+03,+4.217860E+06"
"2026-08-26T04:44:14.648Z","a","time","4","VOLT","9","9.000023","-1.411473e-10","-63763338016.38431","-1.2703289463879e-9","0.01","false","40.854","4217860","+9.000023E+00,-1.411473E-10,+3.535401E+03,+4.217860E+06"
"2026-08-26T04:44:14.856Z","a","time","4","VOLT","9","9.000122","2.667196e-10","33743759363.76629","2.4005089397912e-9","0.01","false","41.062","4217860","+9.000122E+00,+2.667196E-10,+3.535598E+03,+4.217860E+06"
"2026-08-26T04:44:15.064Z","a","time","4","VOLT","9","9.00003","1.178597e-9","7636223408.001209","1.060740835791e-8","0.01","false","41.27","4217860","+9.000030E+00,+1.178597E-09,+3.535800E+03,+4.217860E+06"
"2026-08-26T04:44:15.272Z","a","time","4","VOLT","9","9.000082","7.540314e-10","11935951208.397955","6.7863444305748e-9","0.01","false","41.478","4217860","+9.000082E+00,+7.540314E-10,+3.536006E+03,+4.217860E+06"
"2026-08-26T04:44:15.479Z","a","time","4","VOLT","9","9.000051","-3.02598e-10","-29742599091.864452","-2.7233974324979997e-9","0.01","false","41.685","4217860","+9.000051E+00,-3.025980E-10,+3.536215E+03,+4.217860E+06"
"2026-08-26T04:44:15.687Z","a","time","4","VOLT","9","9.000037","3.755169e-10","23967062467.761105","3.3796659941253e-9","0.01","false","41.893","4217860","+9.000037E+00,+3.755169E-10,+3.536413E+03,+4.217860E+06"
"2026-08-26T04:44:15.895Z","a","time","4","VOLT","9","9.000005","7.509944e-10","11984117324.976059","6.758953354971999e-9","0.01","false","42.101","4217860","+9.000005E+00,+7.509944E-10,+3.536616E+03,+4.217860E+06"
"2026-08-26T04:44:16.102Z","a","time","4","VOLT","9","8.999927","-4.235718e-10","-21247701098.137314","-3.8121152792586e-9","0.01","false","42.308","4217860","+8.999927E+00,-4.235718E-10,+3.536815E+03,+4.217860E+06"
"2026-08-26T04:44:16.310Z","a","time","4","VOLT","9","9.000027","-5.723865e-10","-15723688451.771658","-5.1514939544355e-9","0.01","false","42.516","4217860","+9.000027E+00,-5.723865E-10,+3.537026E+03,+4.217860E+06"
"2026-08-26T04:44:16.534Z","a","time","4","VOLT","9","8.99996","1.511564e-9","5954071412.126778","1.3604015537439998e-8","0.01","false","42.74","4217860","+8.999960E+00,+1.511564E-09,+3.537230E+03,+4.217860E+06"
"2026-08-26T04:44:16.726Z","a","time","4","VOLT","9","9.000081","1.440728e-9","6246898095.962596","1.2966668698968e-8","0.01","false","42.932","4217860","+9.000081E+00,+1.440728E-09,+3.537425E+03,+4.217860E+06"
"2026-08-26T04:44:16.950Z","a","time","4","VOLT","9","9.000061","8.896528e-10","10116374612.657883","8.0069294688208e-9","0.01","false","43.156","4217860","+9.000061E+00,+8.896528E-10,+3.537642E+03,+4.217860E+06"
"2026-08-26T04:44:17.141Z","a","time","4","VOLT","9","9.00003","3.090517e-11","291214382577.41345","2.7814745715509997e-10","0.01","false","43.347","4217860","+9.000030E+00,+3.090517E-11,+3.537839E+03,+4.217860E+06"
"2026-08-26T04:44:17.365Z","a","time","4","VOLT","9","9.000072","-3.668817e-10","-24531264437.555756","-3.3019617154823997e-9","0.01","false","43.571","4217860","+9.000072E+00,-3.668817E-10,+3.538056E+03,+4.217860E+06"
"2026-08-26T04:44:17.573Z","a","time","4","VOLT","9","9.000099","8.704242e-10","10339899786.793613","7.8339039719958e-9","0.01","false","43.779","4217860","+9.000099E+00,+8.704242E-10,+3.538254E+03,+4.217860E+06"
"2026-08-26T04:44:17.781Z","a","time","4","VOLT","9","9.000022","3.446477e-10","26113686526.85046","3.1018368822493997e-9","0.01","false","43.987","4217860","+9.000022E+00,+3.446477E-10,+3.538456E+03,+4.217860E+06"
"2026-08-26T04:44:17.988Z","a","time","4","VOLT","9","9.000044","1.183154e-9","7606823794.704663","1.0648438058776001e-8","0.01","false","44.194","4217860","+9.000044E+00,+1.183154E-09,+3.538667E+03,+4.217860E+06"
"2026-08-26T04:44:18.212Z","a","time","4","VOLT","9","9.00007","5.592079e-10","16094318410.022459","5.032910244553e-9","0.01","false","44.418","4217860","+9.000070E+00,+5.592079E-10,+3.538874E+03,+4.217860E+06"
"2026-08-26T04:44:18.404Z","a","time","4","VOLT","9","8.999906","1.428566e-9","6299958139.840931","1.2856959714795999e-8","0.01","false","44.61","4217860","+8.999906E+00,+1.428566E-09,+3.539073E+03,+4.217860E+06"
"2026-08-26T04:44:18.627Z","a","time","4","VOLT","9","9.000085","1.321302e-9","6811527569.019044","1.189183031067e-8","0.01","false","44.833","4217860","+9.000085E+00,+1.321302E-09,+3.539284E+03,+4.217860E+06"
"2026-08-26T04:44:18.835Z","a","time","4","VOLT","9","8.999917","-4.210403e-10","-21375428907.874138","-3.7893277536551005e-9","0.01","false","45.041","4217860","+8.999917E+00,-4.210403E-10,+3.539486E+03,+4.217860E+06"
"2026-08-26T04:44:19.044Z","a","time","4","VOLT","9","9.000027","-5.627692e-10","-15992394395.42889","-5.064937994768399e-9","0.01","false","45.25","4217860","+9.000027E+00,-5.627692E-10,+3.539697E+03,+4.217860E+06"
"2026-08-26T04:44:19.250Z","a","time","4","VOLT","9","9.000025","-4.093993e-10","-21983488980.07398","-3.6846039349825003e-9","0.01","false","45.456","4217860","+9.000025E+00,-4.093993E-10,+3.539895E+03,+4.217860E+06"
"2026-08-26T04:44:19.458Z","a","time","4","VOLT","9","9.000074","-2.241415e-10","-40153536939.83488","-2.017290086471e-9","0.01","false","45.664","4217860","+9.000074E+00,-2.241415E-10,+3.540104E+03,+4.217860E+06"
"2026-08-26T04:44:19.666Z","a","time","4","VOLT","9","9.000054","-5.273376e-10","-17066968105.441372","-4.746066876230401e-9","0.01","false","45.872","4217860","+9.000054E+00,-5.273376E-10,+3.540299E+03,+4.217860E+06"
"2026-08-26T04:44:19.874Z","a","time","4","VOLT","9","9.000037","1.614297e-9","5575205182.193859","1.4528732728989001e-8","0.01","false","46.08","4217860","+9.000037E+00,+1.614297E-09,+3.540506E+03,+4.217860E+06"
"2026-08-26T04:44:20.082Z","a","time","4","VOLT","9","9.000002","-4.013007e-10","-22427077749.926674","-3.6117071026014003e-9","0.01","false","46.288","4217860","+9.000002E+00,-4.013007E-10,+3.540706E+03,+4.217860E+06"
"2026-08-26T04:44:20.290Z","a","time","4","VOLT","9","9.00001","1.273736e-9","7065836248.64179","1.1463636737359999e-8","0.01","false","46.496","4217860","+9.000010E+00,+1.273736E-09,+3.540911E+03,+4.217860E+06"
"2026-08-26T04:44:20.497Z","a","time","4","VOLT","9","9.0001","-3.780171e-10","-23808711299.039116","-3.40219170171e-9","0.01","false","46.703","4217860","+9.000100E+00,-3.780171E-10,+3.541114E+03,+4.217860E+06"
"2026-08-26T04:44:20.705Z","a","time","4","VOLT","9","9.00003","4.898808e-10","18371877403.64595","4.408941896424e-9","0.01","false","46.911","4217860","+9.000030E+00,+4.898808E-10,+3.541316E+03,+4.217860E+06"
"2026-08-26T04:44:20.913Z","a","time","4","VOLT","9","9.000038","5.258118e-10","17116462582.2395","4.7323261808484e-9","0.01","false","47.119","4217860","+9.000038E+00,+5.258118E-10,+3.541520E+03,+4.217860E+06"
"2026-08-26T04:44:21.136Z","a","time","4","VOLT","9","9.000047","-2.135119e-10","-42152437405.12824","-1.9216171350593e-9","0.01","false","47.343","4217860","+9.000047E+00,-2.135119E-10,+3.541731E+03,+4.217860E+06"
"2026-08-26T04:44:21.328Z","a","time","4","VOLT","9","8.999961","-4.255956e-10","-21146743528.36355","-3.830343801771601e-9","0.01","false","47.534","4217860","+8.999961E+00,-4.255956E-10,+3.541929E+03,+4.217860E+06"
"2026-08-26T04:44:21.552Z","a","time","4","VOLT","9","9.000159","1.442248e-9","6240368508.05132","1.2980461317432e-8","0.01","false","47.758","4217860","+9.000159E+00,+1.442248E-09,+3.542150E+03,+4.217860E+06"
"2026-08-26T04:44:21.760Z","a","time","4","VOLT","9","9.000048","-3.719435e-10","-24197352554.890728","-3.347509353288e-9","0.01","false","47.966","4217860","+9.000048E+00,-3.719435E-10,+3.542354E+03,+4.217860E+06"
"2026-08-26T04:44:21.967Z","a","time","4","VOLT","9","9.000062","1.079919e-9","8334015791.925135","9.719337954978e-9","0.01","false","48.173","4217860","+9.000062E+00,+1.079919E-09,+3.542556E+03,+4.217860E+06"
"2026-08-26T04:44:22.175Z","a","time","4","VOLT","9","9.000154","-7.768796e-10","-11585004935.127657","-6.9920360394584e-9","0.01","false","48.381","4217860","+9.000154E+00,-7.768796E-10,+3.542762E+03,+4.217860E+06"
"2026-08-26T04:44:22.382Z","a","time","4","VOLT","9","9.00003","-5.769417e-10","-15599548446.576145","-5.192492608251e-9","0.01","false","48.588","4217860","+9.000030E+00,-5.769417E-10,+3.542956E+03,+4.217860E+06"
"2026-08-26T04:44:22.590Z","a","time","4","VOLT","9","9.000039","1.480195e-9","6080306310.992808","1.3321812727604999e-8","0.01","false","48.796","4217860","+9.000039E+00,+1.480195E-09,+3.543159E+03,+4.217860E+06"
"2026-08-26T04:44:22.798Z","a","time","4","VOLT","9","9.000145","-6.184483e-10","-14552784767.942606","-5.5661243750035e-9","0.01","false","49.004","4217860","+9.000145E+00,-6.184483E-10,+3.543364E+03,+4.217860E+06"
"2026-08-26T04:44:23.008Z","a","time","4","VOLT","9","9.000039","5.394724e-10","16683038835.721714","4.8552726394235996e-9","0.01","false","49.214","4217860","+9.000039E+00,+5.394724E-10,+3.543563E+03,+4.217860E+06"
"2026-08-26T04:44:23.214Z","a","time","4","VOLT","9","9.00006","1.188718e-9","7571232201.413624","1.0698533323079999e-8","0.01","false","49.42","4217860","+9.000060E+00,+1.188718E-09,+3.543777E+03,+4.217860E+06"
"2026-08-26T04:44:23.421Z","a","time","4","VOLT","9","9.000085","1.380509e-9","6519396106.79829","1.2424698343264999e-8","0.01","false","49.627","4217860","+9.000085E+00,+1.380509E-09,+3.543974E+03,+4.217860E+06"
"2026-08-26T04:44:23.629Z","a","time","4","VOLT","9","9.000097","-6.528675e-10","-13785487866.986794","-5.8758708281475e-9","0.01","false","49.835","4217860","+9.000097E+00,-6.528675E-10,+3.544177E+03,+4.217860E+06"
"2026-08-26T04:44:23.853Z","a","time","4","VOLT","9","8.999993","-4.03832e-10","-22286478040.373222","-3.634485173176e-9","0.01","false","50.059","4217860","+8.999993E+00,-4.038320E-10,+3.544389E+03,+4.217860E+06"
"2026-08-26T04:44:24.045Z","a","time","4","VOLT","9","9.000002","-6.366694e-10","-14136068106.932734","-5.730025873338801e-9","0.01","false","50.251","4217860","+9.000002E+00,-6.366694E-10,+3.544585E+03,+4.217860E+06"
"2026-08-26T04:44:24.269Z","a","time","4","VOLT","9","9.000081","1.49032e-9","6039025846.798002","1.341300071592e-8","0.01","false","50.475","4217860","+9.000081E+00,+1.490320E-09,+3.544806E+03,+4.217860E+06"
"2026-08-26T04:44:24.476Z","a","time","4","VOLT","9","8.999994","1.322815e-9","6803667935.425588","1.190532706311e-8","0.01","false","50.682","4217860","+8.999994E+00,+1.322815E-09,+3.545002E+03,+4.217860E+06"
"2026-08-26T04:44:24.684Z","a","time","4","VOLT","9","9.000054","2.034645e-10","44234026083.17422","1.831191487083e-9","0.01","false","50.89","4217860","+9.000054E+00,+2.034645E-10,+3.545210E+03,+4.217860E+06"
"2026-08-26T04:44:24.891Z","a","time","4","VOLT","9","9.000134","1.4301e-9","6293359904.901754","1.2871091633399999e-8","0.01","false","51.097","4217860","+9.000134E+00,+1.430100E-09,+3.545409E+03,+4.217860E+06"
"2026-08-26T04:44:25.099Z","a","time","4","VOLT","9","9.000081","-6.184486e-10","-14552674223.856274","-5.5660874943366e-9","0.01","false","51.305","4217860","+9.000081E+00,-6.184486E-10,+3.545613E+03,+4.217860E+06"
"2026-08-26T04:44:25.307Z","a","time","4","VOLT","9","9.000037","8.572646e-10","10498552022.327763","7.715413118790201e-9","0.01","false","51.513","4217860","+9.000037E+00,+8.572646E-10,+3.545821E+03,+4.217860E+06"
"2026-08-26T04:44:25.515Z","a","time","4","VOLT","9","9.000067","-3.309434e-10","-27195185037.68318","-2.9785127732078e-9","0.01","false","51.721","4217860","+9.000067E+00,-3.309434E-10,+3.546022E+03,+4.217860E+06"
"2026-08-26T04:44:25.723Z","a","time","4","VOLT","9","9.000087","1.325349e-9","6790729837.952117","1.1928256305363e-8","0.01","false","51.929","4217860","+9.000087E+00,+1.325349E-09,+3.546224E+03,+4.217860E+06"
"2026-08-26T04:44:25.930Z","a","time","4","VOLT","9","9.000085","3.815898e-10","23585758843.658817","3.4343406351330003e-9","0.01","false","52.136","4217860","+9.000085E+00,+3.815898E-10,+3.546425E+03,+4.217860E+06"
"2026-08-26T04:44:26.138Z","a","time","4","VOLT","9","9.000123","-5.157812e-11","-174494979654.16345","-4.6420942410876e-10","0.01","false","52.345","4217860","+9.000123E+00,-5.157812E-11,+3.546637E+03,+4.217860E+06"
"2026-08-26T04:44:26.346Z","a","time","4","VOLT","9","8.999965","-6.326183e-10","-14226532808.172005","-5.6935425583595e-9","0.01","false","52.552","4217860","+8.999965E+00,-6.326183E-10,+3.546837E+03,+4.217860E+06"
"2026-08-26T04:44:26.554Z","a","time","4","VOLT","9","9.000045","1.012615e-9","8887923840.748951","9.113580567675001e-9","0.01","false","52.76","4217860","+9.000045E+00,+1.012615E-09,+3.547037E+03,+4.217860E+06"
"2026-08-26T04:44:26.777Z","a","time","4","VOLT","9","8.999999","8.182989e-10","10998424903.174133","7.364689281701101e-9","0.01","false","52.983","4217860","+8.999999E+00,+8.182989E-10,+3.547255E+03,+4.217860E+06"
"2026-08-26T04:44:26.969Z","a","time","4","VOLT","9","8.999974","1.239825e-9","7259068013.630957","1.115839276455e-8","0.01","false","53.175","4217860","+8.999974E+00,+1.239825E-09,+3.547444E+03,+4.217860E+06"
"2026-08-26T04:44:27.193Z","a","time","4","VOLT","9","9.000019","-3.456222e-10","-26040048932.04198","-3.1106063668218e-9","0.01","false","53.399","4217860","+9.000019E+00,-3.456222E-10,+3.547664E+03,+4.217860E+06"
"2026-08-26T04:44:27.401Z","a","time","4","VOLT","9","9.00012","-5.394852e-10","-16682793151.693504","-4.855431538224e-9","0.01","false","53.607","4217860","+9.000120E+00,-5.394852E-10,+3.547860E+03,+4.217860E+06"
"2026-08-26T04:44:27.608Z","a","time","4","VOLT","9","9.000052","1.371396e-9","6562693780.643957","1.2342635312592e-8","0.01","false","53.814","4217860","+9.000052E+00,+1.371396E-09,+3.548066E+03,+4.217860E+06"
"2026-08-26T04:44:27.832Z","a","time","4","VOLT","9","9.000005","7.196201e-10","12506605916.093784","6.4765844981004994e-9","0.01","false","54.038","4217860","+9.000005E+00,+7.196201E-10,+3.548280E+03,+4.217860E+06"
"2026-08-26T04:44:28.024Z","a","time","4","VOLT","9","9.000064","-4.24585e-10","-21197319735.741962","-3.82129217344e-9","0.01","false","54.23","4217860","+9.000064E+00,-4.245850E-10,+3.548478E+03,+4.217860E+06"
"2026-08-26T04:44:28.248Z","a","time","4","VOLT","9","9.000016","-1.457017e-10","-61770150931.66381","-1.3113176312272e-9","0.01","false","54.454","4217860","+9.000016E+00,-1.457017E-10,+3.548694E+03,+4.217860E+06"
"2026-08-26T04:44:28.440Z","a","time","4","VOLT","9","9.000062","-6.650149e-10","-13533624584.95291","-5.9851753309238e-9","0.01","false","54.646","4217860","+9.000062E+00,-6.650149E-10,+3.548887E+03,+4.217860E+06"
"2026-08-26T04:44:28.663Z","a","time","4","VOLT","9","9.000051","1.101169e-9","8173178685.560527","9.910577159618999e-9","0.01","false","54.869","4217860","+9.000051E+00,+1.101169E-09,+3.549105E+03,+4.217860E+06"
"2026-08-26T04:44:28.871Z","a","time","4","VOLT","9","9.00008","-4.671029e-10","-19267874380.570107","-4.203963468232e-9","0.01","false","55.077","4217860","+9.000080E+00,-4.671029E-10,+3.549296E+03,+4.217860E+06"
"2026-08-26T04:44:29.078Z","a","time","4","VOLT","9","9.000072","-4.843133e-10","-18583160941.481476","-4.358854570557599e-9","0.01","false","55.284","4217860","+9.000072E+00,-4.843133E-10,+3.549508E+03,+4.217860E+06"
"2026-08-26T04:44:29.286Z","a","time","4","VOLT","9","9.00001","1.445785e-9","6224998876.043118","1.3012079457850001e-8","0.01","false","55.492","4217860","+9.000010E+00,+1.445785E-09,+3.549712E+03,+4.217860E+06"
"2026-08-26T04:44:29.510Z","a","time","4","VOLT","9","9.00009","1.299034e-9","6928294409.538164","1.169142291306e-8","0.01","false","55.716","4217860","+9.000090E+00,+1.299034E-09,+3.549922E+03,+4.217860E+06"
"2026-08-26T04:44:29.718Z","a","time","4","VOLT","9","9.000064","-4.357208e-10","-20655575772.375336","-3.9215150861312e-9","0.01","false","55.924","4217860","+9.000064E+00,-4.357208E-10,+3.550128E+03,+4.217860E+06"
"2026-08-26T04:44:29.925Z","a","time","4","VOLT","9","8.999912","9.898405e-10","9092285070.170397","8.908477394035999e-9","0.01","false","56.131","4217860","+8.999912E+00,+9.898405E-10,+3.550334E+03,+4.217860E+06"
"2026-08-26T04:44:30.149Z","a","time","4","VOLT","9","9.000048","1.000982e-9","8991218623.311907","9.008886047136e-9","0.01","false","56.355","4217860","+9.000048E+00,+1.000982E-09,+3.550556E+03,+4.217860E+06"
"2026-08-26T04:44:30.341Z","a","time","4","VOLT","9","9.00008","-1.360871e-10","-66134703436.255165","-1.224794786968e-9","0.01","false","56.547","4217860","+9.000080E+00,-1.360871E-10,+3.550748E+03,+4.217860E+06"
"2026-08-26T04:44:30.565Z","a","time","4","VOLT","9","9.000092","6.492846e-10","13861551621.584742","5.8436211341832e-9","0.01","false","56.771","4217860","+9.000092E+00,+6.492846E-10,+3.550963E+03,+4.217860E+06"
"2026-08-26T04:44:30.773Z","a","time","4","VOLT","9","9.000116","-4.348161e-11","-206986723812.6647","-3.9133953386676e-10","0.01","false","56.979","4217860","+9.000116E+00,-4.348161E-11,+3.551155E+03,+4.217860E+06"
"2026-08-26T04:44:30.980Z","a","time","4","VOLT","9","9.000097","1.331269e-10","67605397556.767265","1.1981550133093e-9","0.01","false","57.186","4217860","+9.000097E+00,+1.331269E-10,+3.551367E+03,+4.217860E+06"
"2026-08-26T04:44:31.187Z","a","time","4","VOLT","9","8.99995","1.041966e-9","8637469936.639008","9.3776419017e-9","0.01","false","57.393","4217860","+8.999950E+00,+1.041966E-09,+3.551570E+03,+4.217860E+06"
"2026-08-26T04:44:31.395Z","a","time","4","VOLT","9","9.000072","3.998076e-10","22511007794.74927","3.5982971861472e-9","0.01","false","57.601","4217860","+9.000072E+00,+3.998076E-10,+3.551775E+03,+4.217860E+06"
"2026-08-26T04:44:31.603Z","a","time","4","VOLT","9","9.000142","1.111804e-9","8095079708.293908","1.0006393876168e-8","0.01","false","57.809","4217860","+9.000142E+00,+1.111804E-09,+3.551978E+03,+4.217860E+06"
"2026-08-26T04:44:31.827Z","a","time","4","VOLT","9","9.00009","9.807367e-10","9176866737.015144","8.826718566303001e-9","0.01","false","58.033","4217860","+9.000090E+00,+9.807367E-10,+3.552188E+03,+4.217860E+06"
"2026-08-26T04:44:32.034Z","a","time","4","VOLT","9","9.000008","-4.827935e-10","-18641526863.96979","-4.345145362348e-9","0.01","false","58.24","4217860","+9.000008E+00,-4.827935E-10,+3.552388E+03,+4.217860E+06"
"2026-08-26T04:44:32.242Z","a","time","4","VOLT","9","8.99996","-5.399903e-10","-16666891979.355925","-4.859891100388e-9","0.01","false","58.448","4217860","+8.999960E+00,-5.399903E-10,+3.552601E+03,+4.217860E+06"
"2026-08-26T04:44:32.450Z","a","time","4","VOLT","9","8.999972","7.239906e-11","124310619502.51839","6.5158951282632e-10","0.01","false","58.656","4217860","+8.999972E+00,+7.239906E-11,+3.552800E+03,+4.217860E+06"
"2026-08-26T04:44:32.658Z","a","time","4","VOLT","9","9.000145","-4.620416e-10","-19479079372.93958","-4.158441396032e-9","0.01","false","58.864","4217860","+9.000145E+00,-4.620416E-10,+3.553010E+03,+4.217860E+06"
"2026-08-26T04:44:32.866Z","a","time","4","VOLT","9","8.999997","1.37696e-9","6536135399.721126","1.239263586912e-8","0.01","false","59.072","4217860","+8.999997E+00,+1.376960E-09,+3.553211E+03,+4.217860E+06"
"2026-08-26T04:44:33.073Z","a","time","4","VOLT","9","9.000039","-3.835849e-10","-23462964783.024567","-3.4522790598110996e-9","0.01","false","59.279","4217860","+9.000039E+00,-3.835849E-10,+3.553416E+03,+4.217860E+06"
"2026-08-26T04:44:33.281Z","a","time","4","VOLT","9","9.000074","1.50044e-9","5998289834.981738","1.350407103256e-8","0.01","false","59.487","4217860","+9.000074E+00,+1.500440E-09,+3.553617E+03,+4.217860E+06"
"2026-08-26T04:44:33.489Z","a","time","4","VOLT","9","9.000077","5.11641e-10","17590609431.222282","4.604808396357e-9","0.01","false","59.695","4217860","+9.000077E+00,+5.116410E-10,+3.553816E+03,+4.217860E+06"
"2026-08-26T04:44:33.697Z","a","time","4","VOLT","9","9.00014","2.221872e-10","40507013905.39149","1.999715906208e-9","0.01","false","59.903","4217860","+9.000140E+00,+2.221872E-10,+3.554021E+03,+4.217860E+06"
"2026-08-26T04:44:33.906Z","a","time","4","VOLT","9","9.000047","1.226672e-9","7336962937.117664","1.1040105653584001e-8","0.01","false","60.112","4217860","+9.000047E+00,+1.226672E-09,+3.554219E+03,+4.217860E+06"
"2026-08-26T04:44:34.112Z","a","time","4","VOLT","9","9.00005","-6.220566e-11","-144682172008.14203","-5.59854050283e-10","0.01","false","60.318","4217860","+9.000050E+00,-6.220566E-11,+3.554426E+03,+4.217860E+06"
"2026-08-26T04:44:34.320Z","a","time","4","VOLT","9","9.000045","2.606452e-10","34529870490.6133","2.345818529034e-9","0.01","false","60.526","4217860","+9.000045E+00,+2.606452E-10,+3.554631E+03,+4.217860E+06"
"2026-08-26T04:44:34.543Z","a","time","4","VOLT","9","9.000039","-1.21918e-10","-73820428484.71922","-1.097266754802e-9","0.01","false","60.749","4217860","+9.000039E+00,-1.219180E-10,+3.554843E+03,+4.217860E+06"
"2026-08-26T04:44:34.751Z","a","time","4","VOLT","9","9.0001","-1.947874e-10","-46204733981.766785","-1.75310607874e-9","0.01","false","60.957","4217860","+9.000100E+00,-1.947874E-10,+3.555043E+03,+4.217860E+06"
"2026-08-26T04:44:34.959Z","a","time","4","VOLT","9","9.000041","2.078498e-11","433006959833.4951","1.8706567218418e-10","0.01","false","61.165","4217860","+9.000041E+00,+2.078498E-11,+3.555249E+03,+4.217860E+06"
"2026-08-26T04:44:35.166Z","a","time","4","VOLT","9","9.000142","8.134021e-12","1106481283979.965","7.3207344030982e-11","0.01","false","61.372","4217860","+9.000142E+00,+8.134021E-12,+3.555461E+03,+4.217860E+06"
"2026-08-26T04:44:35.374Z","a","time","4","VOLT","9","9.000022","1.046014e-9","8604112373.256954","9.414149012308e-9","0.01","false","61.58","4217860","+9.000022E+00,+1.046014E-09,+3.555664E+03,+4.217860E+06"
"2026-08-26T04:44:35.582Z","a","time","4","VOLT","9","9.000027","8.527102e-10","10554613982.569927","7.6744148231754e-9","0.01","false","61.788","4217860","+9.000027E+00,+8.527102E-10,+3.555860E+03,+4.217860E+06"
"2026-08-26T04:44:35.790Z","a","time","4","VOLT","9","9.000097","6.725609e-10","13381832039.299341","6.0531133384073e-9","0.01","false","61.996","4217860","+9.000097E+00,+6.725609E-10,+3.556062E+03,+4.217860E+06"
"2026-08-26T04:44:35.998Z","a","time","4","VOLT","9","9.00008","1.344577e-9","6693614422.974661","1.210130056616e-8","0.01","false","62.204","4217860","+9.000080E+00,+1.344577E-09,+3.556268E+03,+4.217860E+06"
"2026-08-26T04:44:36.206Z","a","time","4","VOLT","9","9.000097","-1.613889e-10","-55766518019.51683","-1.4525157547233e-9","0.01","false","62.412","4217860","+9.000097E+00,-1.613889E-10,+3.556476E+03,+4.217860E+06"
"2026-08-26T04:44:36.414Z","a","time","4","VOLT","9","9.000129","1.600628e-9","5622873647.093515","1.4405858481012e-8","0.01","false","62.62","4217860","+9.000129E+00,+1.600628E-09,+3.556678E+03,+4.217860E+06"
"2026-08-26T04:44:36.637Z","a","time","4","VOLT","9","8.99999","1.390116e-9","6474272650.627718","1.251103009884e-8","0.01","false","62.843","4217860","+8.999990E+00,+1.390116E-09,+3.556890E+03,+4.217860E+06"
"2026-08-26T04:44:36.830Z","a","time","4","VOLT","9","9.000081","1.189227e-9","7568009303.522372","1.0703139327386999e-8","0.01","false","63.036","4217860","+9.000081E+00,+1.189227E-09,+3.557081E+03,+4.217860E+06"
"2026-08-26T04:44:37.053Z","a","time","4","VOLT","9","9.000052","1.333443e-9","6749483854.95293","1.2001056339036e-8","0.01","false","63.259","4217860","+9.000052E+00,+1.333443E-09,+3.557296E+03,+4.217860E+06"
"2026-08-26T04:44:37.261Z","a","time","4","VOLT","9","9.000051","-6.230041e-10","-14446214719.935228","-5.6070686732090995e-9","0.01","false","63.467","4217860","+9.000051E+00,-6.230041E-10,+3.557499E+03,+4.217860E+06"
"2026-08-26T04:44:37.469Z","a","time","4","VOLT","9","9.000047","-3.203138e-10","-28097593672.205193","-2.8828392547486004e-9","0.01","false","63.675","4217860","+9.000047E+00,-3.203138E-10,+3.557709E+03,+4.217860E+06"
"2026-08-26T04:44:37.675Z","a","time","4","VOLT","9","9.000082","5.1417e-10","17504097866.4644","4.62757216194e-9","0.01","false","63.881","4217860","+9.000082E+00,+5.141700E-10,+3.557912E+03,+4.217860E+06"
"2026-08-26T04:44:37.885Z","a","time","4","VOLT","9","9.000103","-5.880771e-10","-15304290882.94715","-5.2927544719413e-9","0.01","false","64.091","4217860","+9.000103E+00,-5.880771E-10,+3.558118E+03,+4.217860E+06"
"2026-08-26T04:44:38.108Z","a","time","4","VOLT","9","9.000145","1.322314e-9","6806359911.488497","1.1901017735529999e-8","0.01","false","64.314","4217860","+9.000145E+00,+1.322314E-09,+3.558324E+03,+4.217860E+06"
"2026-08-26T04:44:38.300Z","a","time","4","VOLT","9","9.000057","8.299386e-10","10844244381.451832","7.4694947065002e-9","0.01","false","64.506","4217860","+9.000057E+00,+8.299386E-10,+3.558521E+03,+4.217860E+06"
"2026-08-26T04:44:38.523Z","a","time","4","VOLT","9","9.000044","-7.212009e-10","-12479246767.440252","-6.490839832839601e-9","0.01","false","64.729","4217860","+9.000044E+00,-7.212009E-10,+3.558738E+03,+4.217860E+06"
"2026-08-26T04:44:38.731Z","a","time","4","VOLT","9","9.00014","-6.86277e-10","-13114442127.595709","-6.17658907878e-9","0.01","false","64.937","4217860","+9.000140E+00,-6.862770E-10,+3.558934E+03,+4.217860E+06"
"2026-08-26T04:44:38.939Z","a","time","4","VOLT","9","8.999992","-5.36954e-10","-16761197421.008131","-4.832581704368001e-9","0.01","false","65.145","4217860","+8.999992E+00,-5.369540E-10,+3.559146E+03,+4.217860E+06"
"2026-08-26T04:44:39.147Z","a","time","4","VOLT","9","8.99994","1.28486e-9","7004607505.876126","1.1563662908400001e-8","0.01","false","65.353","4217860","+8.999940E+00,+1.284860E-09,+3.559350E+03,+4.217860E+06"
"2026-08-26T04:44:39.354Z","a","time","4","VOLT","9","9.000012","3.102372e-10","29010099369.12788","2.7921385228464e-9","0.01","false","65.56","4217860","+9.000012E+00,+3.102372E-10,+3.559557E+03,+4.217860E+06"
"2026-08-26T04:44:39.578Z","a","time","4","VOLT","9","9.000095","-1.89727e-10","-47437080647.45661","-1.707561024065e-9","0.01","false","65.784","4217860","+9.000095E+00,-1.897270E-10,+3.559763E+03,+4.217860E+06"
"2026-08-26T04:44:39.770Z","a","time","4","VOLT","9","9.000154","-6.452742e-10","-13947797695.925238","-5.8075671722268e-9","0.01","false","65.976","4217860","+9.000154E+00,-6.452742E-10,+3.559961E+03,+4.217860E+06"
"2026-08-26T04:44:39.994Z","a","time","4","VOLT","9","9.00006","1.377976e-9","6531361939.540311","1.240186667856e-8","0.01","false","66.2","4217860","+9.000060E+00,+1.377976E-09,+3.560182E+03,+4.217860E+06"
"2026-08-26T04:44:40.200Z","a","time","4","VOLT","9","9.000057","1.258552e-9","7151120494.028058","1.1327039737464e-8","0.01","false","66.406","4217860","+9.000057E+00,+1.258552E-09,+3.560377E+03,+4.217860E+06"
"2026-08-26T04:44:40.408Z","a","time","4","VOLT","9","9.000077","1.331928e-9","6757179817.527674","1.1987454558455998e-8","0.01","false","66.614","4217860","+9.000077E+00,+1.331928E-09,+3.560590E+03,+4.217860E+06"
"2026-08-26T04:44:40.616Z","a","time","4","VOLT","9","9.000068","1.237808e-9","7270972557.941134","1.1140356170944e-8","0.01","false","66.822","4217860","+9.000068E+00,+1.237808E-09,+3.560784E+03,+4.217860E+06"
"2026-08-26T04:44:40.823Z","a","time","4","VOLT","9","9.000075","1.393154e-9","6460215453.567948","1.253849048655e-8","0.01","false","67.029","4217860","+9.000075E+00,+1.393154E-09,+3.560994E+03,+4.217860E+06"
"2026-08-26T04:44:41.033Z","a","time","4","VOLT","9","9.000039","-5.35942e-10","-16792934683.230646","-4.823498901738e-9","0.01","false","67.239","4217860","+9.000039E+00,-5.359420E-10,+3.561198E+03,+4.217860E+06"
"2026-08-26T04:44:41.240Z","a","time","4","VOLT","9","9.000137","-4.407823e-10","-20418553558.07164","-3.967101087175101e-9","0.01","false","67.446","4217860","+9.000137E+00,-4.407823E-10,+3.561396E+03,+4.217860E+06"
"2026-08-26T04:44:41.463Z","a","time","4","VOLT","9","8.999958","-3.876333e-10","-23217711171.873005","-3.4886834194014e-9","0.01","false","67.669","4217860","+8.999958E+00,-3.876333E-10,+3.561606E+03,+4.217860E+06"
"2026-08-26T04:44:41.656Z","a","time","4","VOLT","9","9.00009","2.166208e-10","41547672245.69386","1.949606695872e-9","0.01","false","67.862","4217860","+9.000090E+00,+2.166208E-10,+3.561806E+03,+4.217860E+06"
"2026-08-26T04:44:41.879Z","a","time","4","VOLT","9","9.00013","1.380506e-9","6519442870.94732","1.2424733465780001e-8","0.01","false","68.085","4217860","+9.000130E+00,+1.380506E-09,+3.562021E+03,+4.217860E+06"
"2026-08-26T04:44:42.088Z","a","time","4","VOLT","9","9.000162","8.557542e-10","10517227961.019648","7.7019264321804e-9","0.01","false","68.294","4217860","+9.000162E+00,+8.557542E-10,+3.562219E+03,+4.217860E+06"
"2026-08-26T04:44:42.294Z","a","time","4","VOLT","9","9.000117","1.232753e-9","7300827497.4792185","1.1094921232101e-8","0.01","false","68.5","4217860","+9.000117E+00,+1.232753E-09,+3.562430E+03,+4.217860E+06"
"2026-08-26T04:44:42.502Z","a","time","4","VOLT","9","9.000047","-3.972516e-10","-22655785401.493664","-3.5752830708252002e-9","0.01","false","68.708","4217860","+9.000047E+00,-3.972516E-10,+3.562635E+03,+4.217860E+06"
"2026-08-26T04:44:42.727Z","a","time","4","VOLT","9","9.000105","-4.458441e-10","-20186663903.36891","-4.0126437136304995e-9","0.01","false","68.933","4217860","+9.000105E+00,-4.458441E-10,+3.562841E+03,+4.217860E+06"
"2026-08-26T04:44:42.934Z","a","time","4","VOLT","9","9.000065","5.263143e-10","17100171893.486456","4.7368629104295e-9","0.01","false","69.14","4217860","+9.000065E+00,+5.263143E-10,+3.563044E+03,+4.217860E+06"
"2026-08-26T04:44:43.159Z","a","time","4","VOLT","9","8.99994","2.368608e-10","37996747456.734085","2.131732988352e-9","0.01","false","69.365","4217860","+8.999940E+00,+2.368608E-10,+3.563264E+03,+4.217860E+06"
"2026-08-26T04:44:43.350Z","a","time","4","VOLT","9","9.000097","-2.767832e-10","-32516774862.058105","-2.4910756479703998e-9","0.01","false","69.556","4217860","+9.000097E+00,-2.767832E-10,+3.563459E+03,+4.217860E+06"
"2026-08-26T04:44:43.573Z","a","time","4","VOLT","9","9.000038","-1.477257e-10","-60923982759.93954","-1.3295369135766e-9","0.01","false","69.779","4217860","+9.000038E+00,-1.477257E-10,+3.563677E+03,+4.217860E+06"
"2026-08-26T04:44:43.781Z","a","time","4","VOLT","9","9.000054","1.253493e-9","7179979465.381938","1.1281504688621999e-8","0.01","false","69.987","4217860","+9.000054E+00,+1.253493E-09,+3.563878E+03,+4.217860E+06"
"2026-08-26T04:44:44.004Z","a","time","4","VOLT","9","9.000062","8.916734e-10","10093451256.928825","8.0251158837508e-9","0.01","false","70.21","4217860","+9.000062E+00,+8.916734E-10,+3.564093E+03,+4.217860E+06"
"2026-08-26T04:44:44.198Z","a","time","4","VOLT","9","9.000045","-4.812752e-10","-18700412986.166748","-4.331498457384001e-9","0.01","false","70.404","4217860","+9.000045E+00,-4.812752E-10,+3.564293E+03,+4.217860E+06"
"2026-08-26T04:44:44.421Z","a","time","4","VOLT","9","8.999961","-2.246476e-10","-40062573559.65521","-2.0218196387436003e-9","0.01","false","70.627","4217860","+8.999961E+00,-2.246476E-10,+3.564507E+03,+4.217860E+06"
"2026-08-26T04:44:44.629Z","a","time","4","VOLT","9","9.000014","-5.07596e-10","-17730663756.215576","-4.568371106344e-9","0.01","false","70.835","4217860","+9.000014E+00,-5.075960E-10,+3.564715E+03,+4.217860E+06"
"2026-08-26T04:44:44.836Z","a","time","4","VOLT","9","8.999988","2.252224e-10","39960447983.85951","2.0269988973312e-9","0.01","false","71.042","4217860","+8.999988E+00,+2.252224E-10,+3.564916E+03,+4.217860E+06"
"2026-08-26T04:44:45.043Z","a","time","4","VOLT","9","9.000147","9.797362e-10","9186296270.36339","8.8177698212214e-9","0.01","false","71.249","4217860","+9.000147E+00,+9.797362E-10,+3.565119E+03,+4.217860E+06"
"2026-08-26T04:44:45.252Z","a","time","4","VOLT","9","9.00007","-1.421595e-10","-63309662737.98093","-1.2794454511649999e-9","0.01","false","71.458","4217860","+9.000070E+00,-1.421595E-10,+3.565315E+03,+4.217860E+06"
"2026-08-26T04:44:45.475Z","a","time","4","VOLT","9","9.00006","-3.967453e-10","-22684729976.6374","-3.5707315047179998e-9","0.01","false","71.681","4217860","+9.000060E+00,-3.967453E-10,+3.565529E+03,+4.217860E+06"
"2026-08-26T04:44:45.666Z","a","time","4","VOLT","9","8.999983","-7.520742e-10","-11966881725.234028","-6.7686550147386e-9","0.01","false","71.872","4217860","+8.999983E+00,-7.520742E-10,+3.565725E+03,+4.217860E+06"
"2026-08-26T04:44:45.890Z","a","time","4","VOLT","9","8.999957","-3.425848e-10","-26270742309.641293","-3.0832484688536e-9","0.01","false","72.096","4217860","+8.999957E+00,-3.425848E-10,+3.565939E+03,+4.217860E+06"
"2026-08-26T04:44:46.097Z","a","time","4","VOLT","9","9.000002","6.968492e-10","12915279231.144989","6.2716441936984e-9","0.01","false","72.303","4217860","+9.000002E+00,+6.968492E-10,+3.566138E+03,+4.217860E+06"
"2026-08-26T04:44:46.307Z","a","time","4","VOLT","9","9.000037","7.808529e-10","11525905839.627413","7.027704991557301e-9","0.01","false","72.513","4217860","+9.000037E+00,+7.808529E-10,+3.566350E+03,+4.217860E+06"
"2026-08-26T04:44:46.513Z","a","time","4","VOLT","9","9.00008","2.382064e-11","377826960148.84576","2.1438766565120002e-10","0.01","false","72.719","4217860","+9.000080E+00,+2.382064E-11,+3.566554E+03,+4.217860E+06"
"2026-08-26T04:44:46.737Z","a","time","4","VOLT","9","9.000037","7.049473e-10","12766964282.294579","6.344551783050101e-9","0.01","false","72.943","4217860","+9.000037E+00,+7.049473E-10,+3.566764E+03,+4.217860E+06"
"2026-08-26T04:44:46.928Z","a","time","4","VOLT","9","9.000022","-1.264724e-10","-71161945214.92436","-1.1382543823928e-9","0.01","false","73.134","4217860","+9.000022E+00,-1.264724E-10,+3.566961E+03,+4.217860E+06"
"2026-08-26T04:44:47.151Z","a","time","4","VOLT","9","9.000012","9.109027e-10","9880322014.634495","8.1981352308324e-9","0.01","false","73.357","4217860","+9.000012E+00,+9.109027E-10,+3.567181E+03,+4.217860E+06"
"2026-08-26T04:44:47.360Z","a","time","4","VOLT","9","9.000093","2.338257e-10","38490606464.55886","2.1044530457900997e-9","0.01","false","73.566","4217860","+9.000093E+00,+2.338257E-10,+3.567374E+03,+4.217860E+06"
"2026-08-26T04:44:47.568Z","a","time","4","VOLT","9","9.00003","1.316745e-9","6835059180.023467","1.1850744502350001e-8","0.01","false","73.774","4217860","+9.000030E+00,+1.316745E-09,+3.567590E+03,+4.217860E+06"
"2026-08-26T04:44:47.775Z","a","time","4","VOLT","9","9.000003","1.28841e-9","6985356369.47866","1.1595693865229999e-8","0.01","false","73.981","4217860","+9.000003E+00,+1.288410E-09,+3.567786E+03,+4.217860E+06"
"2026-08-26T04:44:47.983Z","a","time","4","VOLT","9","9.000153","8.618206e-10","10443186203.718035","7.756517258551799e-9","0.01","false","74.189","4217860","+9.000153E+00,+8.618206E-10,+3.567996E+03,+4.217860E+06"
"2026-08-26T04:44:48.191Z","a","time","4","VOLT","9","9.000128","9.276038e-10","9702556199.101385","8.3485529332864e-9","0.01","false","74.397","4217860","+9.000128E+00,+9.276038E-10,+3.568197E+03,+4.217860E+06"
"2026-08-26T04:44:48.399Z","a","time","4","VOLT","9","9.000039","-4.514117e-10","-19937540387.189785","-4.0627229050563e-9","0.01","false","74.605","4217860","+9.000039E+00,-4.514117E-10,+3.568396E+03,+4.217860E+06"
"2026-08-26T04:44:48.607Z","a","time","4","VOLT","9","9.000077","1.285878e-9","6999168661.412668","1.1573001012606e-8","0.01","false","74.813","4217860","+9.000077E+00,+1.285878E-09,+3.568600E+03,+4.217860E+06"
"2026-08-26T04:44:48.814Z","a","time","4","VOLT","9","9.000017","3.780452e-10","23806722053.341766","3.4024132267684e-9","0.01","false","75.02","4217860","+9.000017E+00,+3.780452E-10,+3.568802E+03,+4.217860E+06"
"2026-08-26T04:44:49.023Z","a","time","4","VOLT","9","9.00003","1.287901e-9","6988138063.407048","1.1591147637030001e-8","0.01","false","75.229","4217860","+9.000030E+00,+1.287901E-09,+3.569009E+03,+4.217860E+06"
"2026-08-26T04:44:49.230Z","a","time","4","VOLT","9","9.000016","-5.627692e-10","-15992374849.227715","-5.0649318043072e-9","0.01","false","75.436","4217860","+9.000016E+00,-5.627692E-10,+3.569210E+03,+4.217860E+06"
"2026-08-26T04:44:49.455Z","a","time","4","VOLT","9","9.00001","9.093855e-10","9896803940.683022","8.184478593855e-9","0.01","false","75.661","4217860","+9.000010E+00,+9.093855E-10,+3.569418E+03,+4.217860E+06"
"2026-08-26T04:44:49.644Z","a","time","4","VOLT","9","9.00012","9.15964e-10","9825844683.852203","8.243785915680001e-9","0.01","false","75.85","4217860","+9.000120E+00,+9.159640E-10,+3.569615E+03,+4.217860E+06"
"2026-08-26T04:44:49.868Z","a","time","4","VOLT","9","9.000102","1.424029e-9","6320167637.035481","1.2816406250958e-8","0.01","false","76.074","4217860","+9.000102E+00,+1.424029E-09,+3.569838E+03,+4.217860E+06"
"2026-08-26T04:44:50.077Z","a","time","4","VOLT","9","9.000052","1.25349e-9","7179995053.809763","1.128147518148e-8","0.01","false","76.283","4217860","+9.000052E+00,+1.253490E-09,+3.570033E+03,+4.217860E+06"
"2026-08-26T04:44:50.284Z","a","time","4","VOLT","9","9.000117","1.168991e-9","7699047298.054476","1.0521055771947e-8","0.01","false","76.49","4217860","+9.000117E+00,+1.168991E-09,+3.570246E+03,+4.217860E+06"
"2026-08-26T04:44:50.493Z","a","time","4","VOLT","9","9.00008","-4.974731e-10","-18091591284.03124","-4.477297697848e-9","0.01","false","76.699","4217860","+9.000080E+00,-4.974731E-10,+3.570449E+03,+4.217860E+06"
"2026-08-26T04:44:50.701Z","a","time","4","VOLT","9","9.000103","-7.500512e-10","-11999318179.87892","-6.750538055273599e-9","0.01","false","76.907","4217860","+9.000103E+00,-7.500512E-10,+3.570646E+03,+4.217860E+06"
"2026-08-26T04:44:50.907Z","a","time","4","VOLT","9","9.000099","1.25552e-9","7168423442.079776","1.1299804296480001e-8","0.01","false","77.113","4217860","+9.000099E+00,+1.255520E-09,+3.570849E+03,+4.217860E+06"
"2026-08-26T04:44:51.115Z","a","time","4","VOLT","9","9.000035","-4.584976e-10","-19629404821.312042","-4.126494447416e-9","0.01","false","77.321","4217860","+9.000035E+00,-4.584976E-10,+3.571056E+03,+4.217860E+06"
"2026-08-26T04:44:51.324Z","a","time","4","VOLT","9","9.00012","-2.236353e-10","-40244630431.778885","-2.012744536236e-9","0.01","false","77.53","4217860","+9.000120E+00,-2.236353E-10,+3.571264E+03,+4.217860E+06"
"2026-08-26T04:44:51.532Z","a","time","4","VOLT","9","9.000014","-3.689057e-10","-24396516508.14829","-3.3201564646798e-9","0.01","false","77.738","4217860","+9.000014E+00,-3.689057E-10,+3.571460E+03,+4.217860E+06"
"2026-08-26T04:44:51.755Z","a","time","4","VOLT","9","9.000042","-5.992128e-10","-15019775946.041206","-5.392940366937601e-9","0.01","false","77.961","4217860","+9.000042E+00,-5.992128E-10,+3.571675E+03,+4.217860E+06"
"2026-08-26T04:44:51.947Z","a","time","4","VOLT","9","9.000039","-6.472993e-10","-13903983829.4279","-5.8257189446727e-9","0.01","false","78.153","4217860","+9.000039E+00,-6.472993E-10,+3.571870E+03,+4.217860E+06"
"2026-08-26T04:44:52.169Z","a","time","4","VOLT","9","8.999993","1.35217e-9","6655962637.834","1.216952053481e-8","0.01","false","78.375","4217860","+8.999993E+00,+1.352170E-09,+3.572088E+03,+4.217860E+06"
"2026-08-26T04:44:52.377Z","a","time","4","VOLT","9","8.999985","1.379997e-9","6521742438.5705185","1.2419952300045001e-8","0.01","false","78.583","4217860","+8.999985E+00,+1.379997E-09,+3.572285E+03,+4.217860E+06"
"2026-08-26T04:44:52.585Z","a","time","4","VOLT","9","9.000042","1.138619e-9","7904349040.372592","1.0247618821998001e-8","0.01","false","78.791","4217860","+9.000042E+00,+1.138619E-09,+3.572496E+03,+4.217860E+06"
"2026-08-26T04:44:52.792Z","a","time","4","VOLT","9","9.00007","-4.488808e-10","-20050022188.518642","-4.039958621656e-9","0.01","false","78.998","4217860","+9.000070E+00,-4.488808E-10,+3.572699E+03,+4.217860E+06"
"2026-08-26T04:44:53.000Z","a","time","4","VOLT","9","9.000187","-7.146219e-10","-12594334150.688637","-6.4317307342953006e-9","0.01","false","79.206","4217860","+9.000187E+00,-7.146219E-10,+3.572896E+03,+4.217860E+06"
"2026-08-26T04:44:53.208Z","a","time","4","VOLT","9","9.000041","1.308146e-9","6879997339.74648","1.1773367633986e-8","0.01","false","79.414","4217860","+9.000041E+00,+1.308146E-09,+3.573099E+03,+4.217860E+06"
"2026-08-26T04:44:53.416Z","a","time","4","VOLT","9","9.000054","-4.306591e-10","-20898325380.79423","-3.8759551555914e-9","0.01","false","79.622","4217860","+9.000054E+00,-4.306591E-10,+3.573305E+03,+4.217860E+06"
"2026-08-26T04:44:53.625Z","a","time","4","VOLT","9","9.00006","1.687165e-9","5334427871.607104","1.51845862299e-8","0.01","false","79.831","4217860","+9.000060E+00,+1.687165E-09,+3.573506E+03,+4.217860E+06"
"2026-08-26T04:44:53.832Z","a","time","4","VOLT","9","9.000057","1.390628e-9","6471937139.19179","1.2515731265796e-8","0.01","false","80.038","4217860","+9.000057E+00,+1.390628E-09,+3.573717E+03,+4.217860E+06"
"2026-08-26T04:44:54.056Z","a","time","4","VOLT","9","9.00001","1.04898e-12","8579772731605.94","9.4408304898e-12","0.01","false","80.262","4217860","+9.000010E+00,+1.048980E-12,+3.573927E+03,+4.217860E+06"
"2026-08-26T04:44:54.264Z","a","time","4","VOLT","9","9.000109","1.368366e-9","6577267339.293727","1.2315443151894002e-8","0.01","false","80.47","4217860","+9.000109E+00,+1.368366E-09,+3.574126E+03,+4.217860E+06"
"2026-08-26T04:44:54.471Z","a","time","4","VOLT","9","9.000062","1.159873e-9","7759523671.988226","1.0438928912126e-8","0.01","false","80.677","4217860","+9.000062E+00,+1.159873E-09,+3.574340E+03,+4.217860E+06"
"2026-08-26T04:44:54.694Z","a","time","4","VOLT","9","9.000037","1.372406e-9","6557853142.583172","1.2351704779022e-8","0.01","false","80.9","4217860","+9.000037E+00,+1.372406E-09,+3.574550E+03,+4.217860E+06"
"2026-08-26T04:44:54.886Z","a","time","4","VOLT","9","9.000108","1.362299e-9","6606558472.112217","1.2260838128292002e-8","0.01","false","81.092","4217860","+9.000108E+00,+1.362299E-09,+3.574745E+03,+4.217860E+06"
"2026-08-26T04:44:55.109Z","a","time","4","VOLT","9","9.000054","-4.291393e-10","-20972336954.457447","-3.8622768735222e-9","0.01","false","81.315","4217860","+9.000054E+00,-4.291393E-10,+3.574966E+03,+4.217860E+06"
"2026-08-26T04:44:55.318Z","a","time","4","VOLT","9","9.000093","5.521227e-10","16300892899.35009","4.9691556474111e-9","0.01","false","81.524","4217860","+9.000093E+00,+5.521227E-10,+3.575165E+03,+4.217860E+06"
"2026-08-26T04:44:55.526Z","a","time","4","VOLT","9","9.000014","-4.281275e-10","-21021807755.86712","-3.853153493785e-9","0.01","false","81.732","4217860","+9.000014E+00,-4.281275E-10,+3.575373E+03,+4.217860E+06"
"2026-08-26T04:44:55.734Z","a","time","4","VOLT","9","8.999949","1.602656e-9","5615646152.387037","1.4423822264544002e-8","0.01","false","81.94","4217860","+8.999949E+00,+1.602656E-09,+3.575578E+03,+4.217860E+06"
"2026-08-26T04:44:55.941Z","a","time","4","VOLT","9","9.000062","-2.833633e-10","-31761565453.253826","-2.5502872685246e-9","0.01","false","82.147","4217860","+9.000062E+00,-2.833633E-10,+3.575778E+03,+4.217860E+06"
"2026-08-26T04:44:56.149Z","a","time","4","VOLT","9","9.000134","5.622453e-10","16007486412.069605","5.0602830408702e-9","0.01","false","82.355","4217860","+9.000134E+00,+5.622453E-10,+3.575980E+03,+4.217860E+06"
"2026-08-26T04:44:56.357Z","a","time","4","VOLT","9","9.000039","6.847051e-10","13144401874.617262","6.162372603498899e-9","0.01","false","82.563","4217860","+9.000039E+00,+6.847051E-10,+3.576184E+03,+4.217860E+06"
"2026-08-26T04:44:56.581Z","a","time","4","VOLT","9","9.000027","-4.458426e-10","-20186556870.07029","-4.0125954377502e-9","0.01","false","82.787","4217860","+9.000027E+00,-4.458426E-10,+3.576400E+03,+4.217860E+06"
"2026-08-26T04:44:56.789Z","a","time","4","VOLT","9","9.00008","8.201492e-11","109737106370.40187","7.381408411936001e-10","0.01","false","82.995","4217860","+9.000080E+00,+8.201492E-11,+3.576598E+03,+4.217860E+06"
"2026-08-26T04:44:56.996Z","a","time","4","VOLT","9","9.000064","8.729526e-10","10309911443.072626","7.8566292689664e-9","0.01","false","83.202","4217860","+9.000064E+00,+8.729526E-10,+3.576812E+03,+4.217860E+06"
"2026-08-26T04:44:57.205Z","a","time","4","VOLT","9","9.000087","1.154309e-9","7796947784.34544","1.0388881424883e-8","0.01","false","83.411","4217860","+9.000087E+00,+1.154309E-09,+3.577013E+03,+4.217860E+06"
"2026-08-26T04:44:57.428Z","a","time","4","VOLT","9","9.000042","1.406313e-9","6399743158.173181","1.2656876065146001e-8","0.01","false","83.634","4217860","+9.000042E+00,+1.406313E-09,+3.577222E+03,+4.217860E+06"
"2026-08-26T04:44:57.619Z","a","time","4","VOLT","9","9.000114","8.734586e-10","10303996090.942375","7.8612269742804e-9","0.01","false","83.825","4217860","+9.000114E+00,+8.734586E-10,+3.577421E+03,+4.217860E+06"
"2026-08-26T04:44:57.843Z","a","time","4","VOLT","9","9.000062","2.500188e-10","35997540984.91793","2.2501847011656e-9","0.01","false","84.049","4217860","+9.000062E+00,+2.500188E-10,+3.577634E+03,+4.217860E+06"
"2026-08-26T04:44:58.050Z","a","time","4","VOLT","9","9","-5.911132e-10","-15225510105.340229","-5.3200188e-9","0.01","false","84.256","4217860","+9.000000E+00,-5.911132E-10,+3.577831E+03,+4.217860E+06"
"2026-08-26T04:44:58.258Z","a","time","4","VOLT","9","8.999989","9.240543e-10","9739675471.452272","8.316478535402698e-9","0.01","false","84.464","4217860","+8.999989E+00,+9.240543E-10,+3.578041E+03,+4.217860E+06"
"2026-08-26T04:44:58.466Z","a","time","4","VOLT","9","9.000105","9.635334e-10","9340729651.924885","8.671901771006999e-9","0.01","false","84.672","4217860","+9.000105E+00,+9.635334E-10,+3.578247E+03,+4.217860E+06"
"2026-08-26T04:44:58.674Z","a","time","4","VOLT","9","9.000094","7.783235e-10","11563436026.279562","7.004984662409001e-9","0.01","false","84.88","4217860","+9.000094E+00,+7.783235E-10,+3.578448E+03,+4.217860E+06"
"2026-08-26T04:44:58.882Z","a","time","4","VOLT","9","9.000012","4.45349e-10","20208896842.700893","4.0081463441880004e-9","0.01","false","85.088","4217860","+9.000012E+00,+4.453490E-10,+3.578653E+03,+4.217860E+06"
"2026-08-26T04:44:59.090Z","a","time","4","VOLT","9","9.000006","-5.227818e-10","-17215606970.250305","-4.7050393366908e-9","0.01","false","85.296","4217860","+9.000006E+00,-5.227818E-10,+3.578861E+03,+4.217860E+06"
"2026-08-26T04:44:59.297Z","a","time","4","VOLT","9","9.000032","-4.145827e-11","-217086530624.64978","-3.7312575666463997e-10","0.01","false","85.503","4217860","+9.000032E+00,-4.145827E-11,+3.579060E+03,+4.217860E+06"
"2026-08-26T04:44:59.504Z","a","time","4","VOLT","9","9.000062","-4.503991e-10","-19982415595.413048","-4.0536198247442e-9","0.01","false","85.71","4217860","+9.000062E+00,-4.503991E-10,+3.579267E+03,+4.217860E+06"
"2026-08-26T04:44:59.712Z","a","time","4","VOLT","9","9.00012","1.094595e-9","8222328806.544888","9.8514863514e-9","0.01","false","85.918","4217860","+9.000120E+00,+1.094595E-09,+3.579471E+03,+4.217860E+06"
"2026-08-26T04:44:59.919Z","a","time","4","VOLT","9","9.000123","1.132554e-9","7946749558.961427","1.0193125304142e-8","0.01","false","86.125","4217860","+9.000123E+00,+1.132554E-09,+3.579669E+03,+4.217860E+06"
"2026-08-26T04:45:00.144Z","a","time","4","VOLT","9","9.00011","8.972406e-10","10030876890.769321","8.075264096466e-9","0.01","false","86.35","4217860","+9.000110E+00,+8.972406E-10,+3.579881E+03,+4.217860E+06"
"2026-08-26T04:45:00.351Z","a","time","4","VOLT","9","8.999971","-3.285565e-11","-273924606574.5161","-2.9569989718615003e-10","0.01","false","86.557","4217860","+8.999971E+00,-3.285565E-11,+3.580086E+03,+4.217860E+06"
"2026-08-26T04:45:00.574Z","a","time","4","VOLT","9","9.000128","1.309662e-9","6872099824.229458","1.1787125636736001e-8","0.01","false","86.78","4217860","+9.000128E+00,+1.309662E-09,+3.580302E+03,+4.217860E+06"
"2026-08-26T04:45:00.767Z","a","time","4","VOLT","9","9.000022","1.369878e-9","6569944184.810617","1.2328932137315999e-8","0.01","false","86.973","4217860","+9.000022E+00,+1.369878E-09,+3.580495E+03,+4.217860E+06"
"2026-08-26T04:45:00.991Z","a","time","4","VOLT","9","8.999952","3.60839e-10","24941738559.30207","3.2475336797280004e-9","0.01","false","87.197","4217860","+8.999952E+00,+3.608390E-10,+3.580713E+03,+4.217860E+06"
"2026-08-26T04:45:01.198Z","a","time","4","VOLT","9","9.000037","-2.779499e-11","-323800692139.1229","-2.5015593841463003e-10","0.01","false","87.404","4217860","+9.000037E+00,-2.779499E-11,+3.580915E+03,+4.217860E+06"
"2026-08-26T04:45:01.407Z","a","time","4","VOLT","9","8.999999","-3.258816e-10","-27617389260.39396","-2.9329340741184e-9","0.01","false","87.613","4217860","+8.999999E+00,-3.258816E-10,+3.581124E+03,+4.217860E+06"
"2026-08-26T04:45:01.614Z","a","time","4","VOLT","9","9.000037","2.398989e-10","37515957763.8747","2.1590989762593e-9","0.01","false","87.82","4217860","+9.000037E+00,+2.398989E-10,+3.581321E+03,+4.217860E+06"
"2026-08-26T04:45:01.837Z","a","time","4","VOLT","9","9.000087","1.28436e-9","7007448846.11791","1.1559351739320001e-8","0.01","false","88.043","4217860","+9.000087E+00,+1.284360E-09,+3.581535E+03,+4.217860E+06"
"2026-08-26T04:45:02.029Z","a","time","4","VOLT","9","9.000062","1.482724e-9","6069950982.111303","1.3344607928888e-8","0.01","false","88.235","4217860","+9.000062E+00,+1.482724E-09,+3.581732E+03,+4.217860E+06"
"2026-08-26T04:45:02.286Z","a","time","4","VOLT","9","9.000062","1.013122e-9","8883492807.38154","9.118160813564e-9","0.01","false","88.492","4217860","+9.000062E+00,+1.013122E-09,+3.581980E+03,+4.217860E+06"
"2026-08-26T04:45:02.797Z","a","time","4","VOLT","9","9.000027","9.230494e-10","9750319972.040499","8.307469522333799e-9","0.01","false","89.003","4217860","+9.000027E+00,+9.230494E-10,+3.582492E+03,+4.217860E+06"
"2026-08-26T04:45:03.052Z","a","time","4","VOLT","9","9.000027","-6.660279e-10","-13512987969.422901","-5.9942690827532995e-9","0.01","false","89.258","4217860","+9.000027E+00,-6.660279E-10,+3.582741E+03,+4.217860E+06"
"2026-08-26T04:45:03.227Z","a","time","4","VOLT","9","8.999977","1.012436e-10","88894280724.90508","9.111900713971999e-10","0.01","false","89.433","4217860","+8.999977E+00,+1.012436E-10,+3.582902E+03,+4.217860E+06"
"2026-08-26T04:45:03.467Z","a","time","4","VOLT","9","9.000087","6.396684e-10","14069925917.866194","5.7570712511508e-9","0.01","false","89.673","4217860","+9.000087E+00,+6.396684E-10,+3.583146E+03,+4.217860E+06"
"2026-08-26T04:45:03.676Z","a","time","4","VOLT","9","8.999997","1.530795e-9","5879296052.051386","1.3777150407615001e-8","0.01","false","89.882","4217860","+8.999997E+00,+1.530795E-09,+3.583338E+03,+4.217860E+06"
"2026-08-26T04:45:03.882Z","a","time","4","VOLT","9","8.999974","1.358238e-9","6626212784.50463","1.2224106685812e-8","0.01","false","90.088","4217860","+8.999974E+00,+1.358238E-09,+3.583550E+03,+4.217860E+06"
"2026-08-26T04:45:04.091Z","a","time","4","VOLT","9","8.999982","-3.147458e-10","-28594446693.172714","-2.8327065345755995e-9","0.01","false","90.297","4217860","+8.999982E+00,-3.147458E-10,+3.583755E+03,+4.217860E+06"
"2026-08-26T04:45:04.299Z","a","time","4","VOLT","9","9.000068","1.578372e-9","5702120919.529743","1.4205455329296001e-8","0.01","false","90.505","4217860","+9.000068E+00,+1.578372E-09,+3.583957E+03,+4.217860E+06"
"2026-08-26T04:45:04.523Z","a","time","4","VOLT","9","9.0001","1.464518e-9","6145434880.28143","1.31808084518e-8","0.01","false","90.729","4217860","+9.000100E+00,+1.464518E-09,+3.584167E+03,+4.217860E+06"
"2026-08-26T04:45:04.729Z","a","time","4","VOLT","9","9.000022","-8.087669e-10","-11128079054.669521","-7.2789198928718e-9","0.01","false","90.935","4217860","+9.000022E+00,-8.087669E-10,+3.584370E+03,+4.217860E+06"
"2026-08-26T04:45:04.938Z","a","time","4","VOLT","9","9.000128","-3.112028e-10","-28920459584.553867","-2.8008650339584e-9","0.01","false","91.144","4217860","+9.000128E+00,-3.112028E-10,+3.584585E+03,+4.217860E+06"
"2026-08-26T04:45:05.146Z","a","time","4","VOLT","9","9.000037","6.877391e-10","13086411693.03883","6.1896773463467e-9","0.01","false","91.352","4217860","+9.000037E+00,+6.877391E-10,+3.584783E+03,+4.217860E+06"
"2026-08-26T04:45:05.369Z","a","time","4","VOLT","9","8.999994","5.772471e-11","155912329399.31616","5.1952204365174e-10","0.01","false","91.575","4217860","+8.999994E+00,+5.772471E-11,+3.584994E+03,+4.217860E+06"
"2026-08-26T04:45:05.577Z","a","time","4","VOLT","9","9.00009","1.214858e-10","74083473130.193","1.093383133722e-9","0.01","false","91.783","4217860","+9.000090E+00,+1.214858E-10,+3.585198E+03,+4.217860E+06"
"2026-08-26T04:45:05.784Z","a","time","4","VOLT","9","9.000199","-2.124996e-10","-42353957372.15506","-1.9125386874204e-9","0.01","false","91.99","4217860","+9.000199E+00,-2.124996E-10,+3.585416E+03,+4.217860E+06"
"2026-08-26T04:45:06.008Z","a","time","4","VOLT","9","8.999971","1.474122e-9","6105309465.566622","1.3267055250462001e-8","0.01","false","92.214","4217860","+8.999971E+00,+1.474122E-09,+3.585618E+03,+4.217860E+06"
"2026-08-26T04:45:06.216Z","a","time","4","VOLT","9","9.00008","7.241759e-10","12428030261.708517","6.517641034072e-9","0.01","false","92.422","4217860","+9.000080E+00,+7.241759E-10,+3.585825E+03,+4.217860E+06"
"2026-08-26T04:45:06.440Z","a","time","4","VOLT","9","8.999974","6.163841e-10","14601242958.733038","5.5474408740134e-9","0.01","false","92.646","4217860","+8.999974E+00,+6.163841E-10,+3.586044E+03,+4.217860E+06"
"2026-08-26T04:45:06.647Z","a","time","4","VOLT","9","8.999965","3.314903e-10","27150010120.959797","2.9834010978395e-9","0.01","false","92.853","4217860","+8.999965E+00,+3.314903E-10,+3.586247E+03,+4.217860E+06"
"2026-08-26T04:46:05.899Z","a","time","4","VOLT","9","8.999992","-2.049081e-10","-43922089951.544136","-1.8441712607352003e-9","0.01","false","2.882","4217860","+8.999992E+00,-2.049081E-10,+3.645499E+03,+4.217860E+06"
"2026-08-26T04:46:06.218Z","a","time","4","VOLT","9","9.000077","2.786912e-11","322940839179.70856","2.5082422592223997e-10","0.01","false","3.201","4217860","+9.000077E+00,+2.786912E-11,+3.645809E+03,+4.217860E+06"
"2026-08-26T04:46:06.428Z","a","time","4","VOLT","9","9.000154","1.279807e-9","7032430671.1871395","1.1518460090278001e-8","0.01","false","3.411","4217860","+9.000154E+00,+1.279807E-09,+3.646009E+03,+4.217860E+06"
"2026-08-26T04:46:06.634Z","a","time","4","VOLT","9","9.00013","1.449327e-9","6209868442.387398","1.3044131412510001e-8","0.01","false","3.617","4217860","+9.000130E+00,+1.449327E-09,+3.646222E+03,+4.217860E+06"
"2026-08-26T04:46:06.843Z","a","time","4","VOLT","9","9.000087","5.519515e-11","163059381123.16028","4.9676115197805e-10","0.01","false","3.826","4217860","+9.000087E+00,+5.519515E-11,+3.646430E+03,+4.217860E+06"
"2026-08-26T04:46:07.050Z","a","time","4","VOLT","9","9.000039","1.37241e-9","6557835486.479987","1.235174352399e-8","0.01","false","4.033","4217860","+9.000039E+00,+1.372410E-09,+3.646630E+03,+4.217860E+06"
"2026-08-26T04:46:07.274Z","a","time","4","VOLT","9","9.000022","1.428072e-9","6302218655.642012","1.2852679417584e-8","0.01","false","4.257","4217860","+9.000022E+00,+1.428072E-09,+3.646842E+03,+4.217860E+06"
"2026-08-26T04:46:07.482Z","a","time","4","VOLT","9","9.0001","9.281089e-10","9697245657.27147","8.35307291089e-9","0.01","false","4.465","4217860","+9.000100E+00,+9.281089E-10,+3.647040E+03,+4.217860E+06"
"2026-08-26T04:46:07.705Z","a","time","4","VOLT","9","9.00006","-2.999323e-12","-3000697157325.1694","-2.6994086959379996e-11","0.01","false","4.688","4217860","+9.000060E+00,-2.999323E-12,+3.647259E+03,+4.217860E+06"
"2026-08-26T04:46:07.897Z","a","time","4","VOLT","9","9.00006","1.004521e-9","8959553857.012445","9.040749271260001e-9","0.01","false","4.88","4217860","+9.000060E+00,+1.004521E-09,+3.647456E+03,+4.217860E+06"
"2026-08-26T04:46:08.121Z","a","time","4","VOLT","9","9.000052","1.105221e-9","8143214795.954837","9.947046471491999e-9","0.01","false","5.104","4217860","+9.000052E+00,+1.105221E-09,+3.647673E+03,+4.217860E+06"
"2026-08-26T04:46:08.327Z","a","time","4","VOLT","9","9.000122","1.690542e-10","53238085773.67495","1.5215084246123999e-9","0.01","false","5.31","4217860","+9.000122E+00,+1.690542E-10,+3.647878E+03,+4.217860E+06"
"2026-08-26T04:46:08.535Z","a","time","4","VOLT","9","9.00014","9.463328e-10","9510544282.096107","8.517127686592e-9","0.01","false","5.518","4217860","+9.000140E+00,+9.463328E-10,+3.648081E+03,+4.217860E+06"
"2026-08-26T04:46:08.761Z","a","time","4","VOLT","9","9.0001","1.390121e-9","6474328493.706662","1.25112280121e-8","0.01","false","5.744","4217860","+9.000100E+00,+1.390121E-09,+3.648290E+03,+4.217860E+06"
"2026-08-26T04:46:08.967Z","a","time","4","VOLT","9","9.000019","-1.360871e-10","-66134255193.91625","-1.2247864856549e-9","0.01","false","5.95","4217860","+9.000019E+00,-1.360871E-10,+3.648496E+03,+4.217860E+06"
"2026-08-26T04:46:09.176Z","a","time","4","VOLT","9","8.999988","6.254967e-10","14388545934.774715","5.6294627940396e-9","0.01","false","6.159","4217860","+8.999988E+00,+6.254967E-10,+3.648710E+03,+4.217860E+06"
"2026-08-26T04:46:09.399Z","a","time","4","VOLT","9","9.000193","-7.384418e-11","-121880871315.78955","-6.646118719267399e-10","0.01","false","6.383","4217860","+9.000193E+00,-7.384418E-11,+3.648914E+03,+4.217860E+06"
"2026-08-26T04:46:09.607Z","a","time","4","VOLT","9","9.00011","1.368867e-9","6574860815.550379","1.2319953575369998e-8","0.01","false","6.59","4217860","+9.000110E+00,+1.368867E-09,+3.649120E+03,+4.217860E+06"
"2026-08-26T04:46:09.815Z","a","time","4","VOLT","9","9.000061","1.157347e-9","7776458572.925838","1.0416193598167e-8","0.01","false","6.798","4217860","+9.000061E+00,+1.157347E-09,+3.649331E+03,+4.217860E+06"
"2026-08-26T04:46:10.023Z","a","time","4","VOLT","9","9.00009","-1.35581e-10","-66381646395.88143","-1.22024120229e-9","0.01","false","7.006","4217860","+9.000090E+00,-1.355810E-10,+3.649539E+03,+4.217860E+06"
"2026-08-26T04:46:10.229Z","a","time","4","VOLT","9","9.000013","4.659273e-11","193163461338.2817","4.1933517570548997e-10","0.01","false","7.212","4217860","+9.000013E+00,+4.659273E-11,+3.649735E+03,+4.217860E+06"
"2026-08-26T04:46:10.454Z","a","time","4","VOLT","9","9.000047","1.355205e-9","6641096365.494519","1.2196908694635e-8","0.01","false","7.437","4217860","+9.000047E+00,+1.355205E-09,+3.649949E+03,+4.217860E+06"
"2026-08-26T04:46:10.660Z","a","time","4","VOLT","9","9.00013","1.449327e-9","6209868442.387398","1.3044131412510001e-8","0.01","false","7.643","4217860","+9.000130E+00,+1.449327E-09,+3.650149E+03,+4.217860E+06"
"2026-08-26T04:46:10.870Z","a","time","4","VOLT","9","9.000097","1.130525e-9","7960988921.07649","1.0174834660925e-8","0.01","false","7.853","4217860","+9.000097E+00,+1.130525E-09,+3.650361E+03,+4.217860E+06"
"2026-08-26T04:46:11.077Z","a","time","4","VOLT","9","9.000115","8.926944e-10","10081966460.190632","8.034352259856e-9","0.01","false","8.06","4217860","+9.000115E+00,+8.926944E-10,+3.650569E+03,+4.217860E+06"
"2026-08-26T04:46:11.301Z","a","time","4","VOLT","9","9.000095","5.814722e-10","15478117440.52424","5.233305039859001e-9","0.01","false","8.284","4217860","+9.000095E+00,+5.814722E-10,+3.650780E+03,+4.217860E+06"
"2026-08-26T04:46:11.493Z","a","time","4","VOLT","9","9.000067","1.430099e-9","6293317455.644679","1.2870986816633e-8","0.01","false","8.476","4217860","+9.000067E+00,+1.430099E-09,+3.650977E+03,+4.217860E+06"
"2026-08-26T04:46:11.716Z","a","time","4","VOLT","9","9.000148","1.214021e-9","7413502731.8308325","1.0926368675108e-8","0.01","false","8.699","4217860","+9.000148E+00,+1.214021E-09,+3.651193E+03,+4.217860E+06"
"2026-08-26T04:46:11.924Z","a","time","4","VOLT","9","8.999971","1.190235e-9","7561507601.440052","1.0712080483185e-8","0.01","false","8.907","4217860","+8.999971E+00,+1.190235E-09,+3.651388E+03,+4.217860E+06"
"2026-08-26T04:46:12.148Z","a","time","4","VOLT","9","9.00007","2.207371e-9","4077280167.22155","1.9866493515969996e-8","0.01","false","9.131","4217860","+9.000070E+00,+2.207371E-09,+3.651608E+03,+4.217860E+06"
"2026-08-26T04:46:12.339Z","a","time","4","VOLT","9","9.000107","8.957235e-10","10047862984.50359","8.0616073424145e-9","0.01","false","9.322","4217860","+9.000107E+00,+8.957235E-10,+3.651797E+03,+4.217860E+06"
"2026-08-26T04:46:12.563Z","a","time","4","VOLT","9","9.000097","6.885817e-11","130704853178.64243","6.1973020924249e-10","0.01","false","9.546","4217860","+9.000097E+00,+6.885817E-11,+3.652017E+03,+4.217860E+06"
"2026-08-26T04:46:12.771Z","a","time","4","VOLT","9","9.000128","1.335976e-9","6736743773.840249","1.2023955004928e-8","0.01","false","9.754","4217860","+9.000128E+00,+1.335976E-09,+3.652214E+03,+4.217860E+06"
"2026-08-26T04:46:12.979Z","a","time","4","VOLT","9","9.000057","4.048671e-10","22229657583.933098","3.6438269774247e-9","0.01","false","9.962","4217860","+9.000057E+00,+4.048671E-10,+3.652426E+03,+4.217860E+06"
"2026-08-26T04:46:13.202Z","a","time","4","VOLT","9","9.00013","1.09713e-9","8203339622.469535","9.8743126269e-9","0.01","false","10.185","4217860","+9.000130E+00,+1.097130E-09,+3.652639E+03,+4.217860E+06"
"2026-08-26T04:46:13.394Z","a","time","4","VOLT","9","9.000042","1.495881e-9","6016549444.775353","1.3462991827002e-8","0.01","false","10.377","4217860","+9.000042E+00,+1.495881E-09,+3.652835E+03,+4.217860E+06"
"2026-08-26T04:46:13.619Z","a","time","4","VOLT","9","9.000198","-2.529935e-10","-35574819115.906136","-2.2769915927129997e-9","0.01","false","10.602","4217860","+9.000198E+00,-2.529935E-10,+3.653054E+03,+4.217860E+06"
"2026-08-26T04:46:13.825Z","a","time","4","VOLT","9","9.000093","1.178098e-9","7639511313.999344","1.0602991563114001e-8","0.01","false","10.808","4217860","+9.000093E+00,+1.178098E-09,+3.653244E+03,+4.217860E+06"
"2026-08-26T04:46:14.032Z","a","time","4","VOLT","9","9.000081","1.453379e-9","6192521702.873097","1.3080528723699001e-8","0.01","false","11.015","4217860","+9.000081E+00,+1.453379E-09,+3.653457E+03,+4.217860E+06"
"2026-08-26T04:46:14.257Z","a","time","4","VOLT","9","9.000075","9.28107e-10","9697238572.707674","8.353032608025001e-9","0.01","false","11.24","4217860","+9.000075E+00,+9.281070E-10,+3.653670E+03,+4.217860E+06"
"2026-08-26T04:46:14.449Z","a","time","4","VOLT","9","9.000023","1.333953e-9","6746881636.759316","1.2005607680919e-8","0.01","false","11.432","4217860","+9.000023E+00,+1.333953E-09,+3.653861E+03,+4.217860E+06"
"2026-08-26T04:46:14.672Z","a","time","4","VOLT","9","9.000088","-5.541663e-10","-16240771046.525204","-4.9875454666344e-9","0.01","false","11.655","4217860","+9.000088E+00,-5.541663E-10,+3.654082E+03,+4.217860E+06"
"2026-08-26T04:46:14.880Z","a","time","4","VOLT","9","9.000027","1.470582e-9","6120044308.98787","1.3235277705713998e-8","0.01","false","11.863","4217860","+9.000027E+00,+1.470582E-09,+3.654284E+03,+4.217860E+06"
"2026-08-26T04:46:15.104Z","a","time","4","VOLT","9","9.000139","1.495888e-9","6016586134.79084","1.3463199928432001e-8","0.01","false","12.087","4217860","+9.000139E+00,+1.495888E-09,+3.654497E+03,+4.217860E+06"
"2026-08-26T04:46:15.296Z","a","time","4","VOLT","9","8.999957","1.033868e-9","8705131602.873867","9.304767543676002e-9","0.01","false","12.279","4217860","+8.999957E+00,+1.033868E-09,+3.654690E+03,+4.217860E+06"
"2026-08-26T04:46:15.518Z","a","time","4","VOLT","9","9.000128","1.267661e-9","7099790874.689684","1.1409111260608e-8","0.01","false","12.501","4217860","+9.000128E+00,+1.267661E-09,+3.654906E+03,+4.217860E+06"
"2026-08-26T04:46:15.726Z","a","time","4","VOLT","9","9.000031","1.977161e-11","455199703008.5057","1.7794510291990998e-10","0.01","false","12.709","4217860","+9.000031E+00,+1.977161E-11,+3.655111E+03,+4.217860E+06"
"2026-08-26T04:46:15.934Z","a","time","4","VOLT","9","9.000037","1.273227e-9","7068682175.291602","1.1459090109399001e-8","0.01","false","12.917","4217860","+9.000037E+00,+1.273227E-09,+3.655313E+03,+4.217860E+06"
"2026-08-26T04:46:16.143Z","a","time","4","VOLT","9","9.00007","1.451351e-9","6201167050.561855","1.306226059457e-8","0.01","false","13.126","4217860","+9.000070E+00,+1.451351E-09,+3.655522E+03,+4.217860E+06"
"2026-08-26T04:46:16.350Z","a","time","4","VOLT","9","9.00007","9.569531e-10","9404922769.987368","8.612644886717e-9","0.01","false","13.333","4217860","+9.000070E+00,+9.569531E-10,+3.655722E+03,+4.217860E+06"
"2026-08-26T04:46:16.557Z","a","time","4","VOLT","9","9.00009","1.520678e-9","5918471892.142847","1.368623886102e-8","0.01","false","13.54","4217860","+9.000090E+00,+1.520678E-09,+3.655930E+03,+4.217860E+06"
"2026-08-26T04:46:16.782Z","a","time","4","VOLT","9","9.000097","-4.438193e-10","-20278741821.277264","-3.9944167504721e-9","0.01","false","13.765","4217860","+9.000097E+00,-4.438193E-10,+3.656135E+03,+4.217860E+06"
"2026-08-26T04:46:16.972Z","a","time","4","VOLT","9","9.00009","7.474537e-10","12040999997.725613","6.727150570833e-9","0.01","false","13.955","4217860","+9.000090E+00,+7.474537E-10,+3.656334E+03,+4.217860E+06"
"2026-08-26T04:46:17.197Z","a","time","4","VOLT","9","9.000062","3.314907e-10","27150269977.408115","2.9834368524233997e-9","0.01","false","14.18","4217860","+9.000062E+00,+3.314907E-10,+3.656554E+03,+4.217860E+06"
"2026-08-26T04:46:17.405Z","a","time","4","VOLT","9","9.000035","-4.944356e-10","-18202643579.871674","-4.449937705246e-9","0.01","false","14.388","4217860","+9.000035E+00,-4.944356E-10,+3.656753E+03,+4.217860E+06"
"2026-08-26T04:46:17.612Z","a","time","4","VOLT","9","9.00009","6.685119e-10","13462871790.315176","6.016667266071e-9","0.01","false","14.595","4217860","+9.000090E+00,+6.685119E-10,+3.656952E+03,+4.217860E+06"
"2026-08-26T04:46:17.820Z","a","time","4","VOLT","9","9.000064","2.525502e-10","35636732815.891655","2.2729679632128e-9","0.01","false","14.804","4217860","+9.000064E+00,+2.525502E-10,+3.657163E+03,+4.217860E+06"
"2026-08-26T04:46:18.044Z","a","time","4","VOLT","9","9.000019","-4.352142e-10","-20679515971.675556","-3.9169360690698e-9","0.01","false","15.027","4217860","+9.000019E+00,-4.352142E-10,+3.657369E+03,+4.217860E+06"
"2026-08-26T04:46:18.252Z","a","time","4","VOLT","9","9.000031","6.138619e-10","14661328549.629812","5.5247761297189e-9","0.01","false","15.235","4217860","+9.000031E+00,+6.138619E-10,+3.657570E+03,+4.217860E+06"
"2026-08-26T04:46:18.460Z","a","time","4","VOLT","9","9.000005","1.195294e-9","7529532483.221702","1.075765197647e-8","0.01","false","15.443","4217860","+9.000005E+00,+1.195294E-09,+3.657783E+03,+4.217860E+06"
"2026-08-26T04:46:18.683Z","a","time","4","VOLT","9","8.999978","4.382614e-10","20535639232.658867","3.9443429582492e-9","0.01","false","15.666","4217860","+8.999978E+00,+4.382614E-10,+3.657993E+03,+4.217860E+06"
"2026-08-26T04:46:18.891Z","a","time","4","VOLT","9","9.000156","-1.659431e-10","-54236397897.83366","-1.4935137871236e-9","0.01","false","15.874","4217860","+9.000156E+00,-1.659431E-10,+3.658197E+03,+4.217860E+06"
"2026-08-26T04:46:19.115Z","a","time","4","VOLT","9","9.000105","1.240165e-10","72571835199.34846","1.1161615217325e-9","0.01","false","16.098","4217860","+9.000105E+00,+1.240165E-10,+3.658417E+03,+4.217860E+06"
"2026-08-26T04:46:19.306Z","a","time","4","VOLT","9","9.000165","1.091561e-9","8245224041.533181","9.824229107565001e-9","0.01","false","16.289","4217860","+9.000165E+00,+1.091561E-09,+3.658613E+03,+4.217860E+06"
"2026-08-26T04:46:19.530Z","a","time","4","VOLT","9","9.000042","-1.851727e-10","-48603503648.215965","-1.6665620772534002e-9","0.01","false","16.513","4217860","+9.000042E+00,-1.851727E-10,+3.658835E+03,+4.217860E+06"
"2026-08-26T04:46:19.737Z","a","time","4","VOLT","9","9.000051","-2.393265e-10","-37605743618.02808","-2.1539507056515e-9","0.01","false","16.72","4217860","+9.000051E+00,-2.393265E-10,+3.659029E+03,+4.217860E+06"
"2026-08-26T04:46:19.962Z","a","time","4","VOLT","9","9.00005","-5.435345e-10","-16558378538.988787","-4.891837676725e-9","0.01","false","16.945","4217860","+9.000050E+00,-5.435345E-10,+3.659242E+03,+4.217860E+06"
"2026-08-26T04:46:20.153Z","a","time","4","VOLT","9","9.000057","-6.6046e-10","-13626952427.096266","-5.94417764622e-9","0.01","false","17.136","4217860","+9.000057E+00,-6.604600E-10,+3.659438E+03,+4.217860E+06"
"2026-08-26T04:46:20.376Z","a","time","4","VOLT","9","9.000107","1.159369e-9","7762935700.368045","1.0434445052482999e-8","0.01","false","17.359","4217860","+9.000107E+00,+1.159369E-09,+3.659657E+03,+4.217860E+06"
"2026-08-26T04:46:20.585Z","a","time","4","VOLT","9","9.000044","-4.615354e-10","-19500224684.823742","-4.1538389075576005e-9","0.01","false","17.568","4217860","+9.000044E+00,-4.615354E-10,+3.659861E+03,+4.217860E+06"
"2026-08-26T04:46:20.791Z","a","time","4","VOLT","9","9.000057","1.165947e-9","7719096151.025733","1.0493589458979e-8","0.01","false","17.774","4217860","+9.000057E+00,+1.165947E-09,+3.660063E+03,+4.217860E+06"
"2026-08-26T04:46:21.017Z","a","time","4","VOLT","9","9.000028","1.007048e-9","8937039743.8851","9.063460197344e-9","0.01","false","18","4217860","+9.000028E+00,+1.007048E-09,+3.660275E+03,+4.217860E+06"
"2026-08-26T04:46:21.208Z","a","time","4","VOLT","9","9.000042","1.374432e-9","6548190088.705735","1.2369945726144001e-8","0.01","false","18.191","4217860","+9.000042E+00,+1.374432E-09,+3.660475E+03,+4.217860E+06"
"2026-08-26T04:46:21.432Z","a","time","4","VOLT","9","9.000062","4.013238e-10","22425936363.604652","3.6119390820756e-9","0.01","false","18.415","4217860","+9.000062E+00,+4.013238E-10,+3.660690E+03,+4.217860E+06"
"2026-08-26T04:46:21.639Z","a","time","4","VOLT","9","9.000113","-4.245845e-10","-21197460105.114532","-3.8213084780485e-9","0.01","false","18.622","4217860","+9.000113E+00,-4.245845E-10,+3.660889E+03,+4.217860E+06"
"2026-08-26T04:46:21.846Z","a","time","4","VOLT","9","9.000032","2.353438e-10","38242061188.77998","2.1181017310016e-9","0.01","false","18.829","4217860","+9.000032E+00,+2.353438E-10,+3.661099E+03,+4.217860E+06"
"2026-08-26T04:46:22.071Z","a","time","4","VOLT","9","9.000193","1.561176e-9","5765008557.651411","1.4050885306967998e-8","0.01","false","19.054","4217860","+9.000193E+00,+1.561176E-09,+3.661305E+03,+4.217860E+06"
"2026-08-26T04:46:22.262Z","a","time","4","VOLT","9","8.99992","1.154299e-9","7796870654.830335","1.0388598656079999e-8","0.01","false","19.245","4217860","+8.999920E+00,+1.154299E-09,+3.661501E+03,+4.217860E+06"
"2026-08-26T04:46:22.486Z","a","time","4","VOLT","9","8.99993","-2.079443e-10","-43280484245.05986","-1.8714841438990003e-9","0.01","false","19.469","4217860","+8.999930E+00,-2.079443E-10,+3.661722E+03,+4.217860E+06"
"2026-08-26T04:46:22.694Z","a","time","4","VOLT","9","9.000094","9.731481e-10","9248431970.426702","8.7584243759214e-9","0.01","false","19.677","4217860","+9.000094E+00,+9.731481E-10,+3.661926E+03,+4.217860E+06"
"2026-08-26T04:46:22.903Z","a","time","4","VOLT","9","9.000092","-2.779468e-11","-323806282353.31366","-2.5015467711056e-10","0.01","false","19.886","4217860","+9.000092E+00,-2.779468E-11,+3.662123E+03,+4.217860E+06"
"2026-08-26T04:46:23.110Z","a","time","4","VOLT","9","8.999989","1.151777e-9","7814003057.8836","1.0365980330452999e-8","0.01","false","20.093","4217860","+8.999989E+00,+1.151777E-09,+3.662330E+03,+4.217860E+06"
"2026-08-26T04:46:23.318Z","a","time","4","VOLT","9","9.00012","-4.919052e-10","-18296452243.23711","-4.427205828624001e-9","0.01","false","20.301","4217860","+9.000120E+00,-4.919052E-10,+3.662531E+03,+4.217860E+06"
"2026-08-26T04:46:23.526Z","a","time","4","VOLT","9","8.999989","1.195795e-9","7526364468.826178","1.0762141846255e-8","0.01","false","20.509","4217860","+8.999989E+00,+1.195795E-09,+3.662736E+03,+4.217860E+06"
"2026-08-26T04:46:23.732Z","a","time","4","VOLT","9","9.000057","8.405653e-10","10707147915.813322","7.5651356122221e-9","0.01","false","20.715","4217860","+9.000057E+00,+8.405653E-10,+3.662935E+03,+4.217860E+06"
"2026-08-26T04:46:23.941Z","a","time","4","VOLT","9","8.99983","1.24285e-9","7241284145.31118","1.1185438715499998e-8","0.01","false","20.924","4217860","+8.999830E+00,+1.242850E-09,+3.663146E+03,+4.217860E+06"
"2026-08-26T04:46:24.148Z","a","time","4","VOLT","9","9.000025","1.416938e-9","6351742278.067213","1.2752477423450002e-8","0.01","false","21.131","4217860","+9.000025E+00,+1.416938E-09,+3.663339E+03,+4.217860E+06"
"2026-08-26T04:46:24.373Z","a","time","4","VOLT","9","9.000025","-4.95448e-10","-18165428057.031216","-4.4590443862e-9","0.01","false","21.356","4217860","+9.000025E+00,-4.954480E-10,+3.663559E+03,+4.217860E+06"
"2026-08-26T04:46:24.563Z","a","time","4","VOLT","9","9.000162","-5.561915e-10","-16181768329.792887","-5.005813603023e-9","0.01","false","21.546","4217860","+9.000162E+00,-5.561915E-10,+3.663754E+03,+4.217860E+06"
"2026-08-26T04:46:24.788Z","a","time","4","VOLT","9","9.000014","-4.903862e-10","-18352910420.39927","-4.4134826654068e-9","0.01","false","21.771","4217860","+9.000014E+00,-4.903862E-10,+3.663968E+03,+4.217860E+06"
"2026-08-26T04:46:24.995Z","a","time","4","VOLT","9","9.000067","9.407607e-10","9566797380.035114","8.466909330966899e-9","0.01","false","21.978","4217860","+9.000067E+00,+9.407607E-10,+3.664172E+03,+4.217860E+06"
"2026-08-26T04:46:25.203Z","a","time","4","VOLT","9","9.00008","-5.733985e-10","-15696029898.927185","-5.160632371880001e-9","0.01","false","22.186","4217860","+9.000080E+00,-5.733985E-10,+3.664373E+03,+4.217860E+06"
"2026-08-26T04:46:25.411Z","a","time","4","VOLT","9","9.0001","1.299034e-9","6928302107.566083","1.16914359034e-8","0.01","false","22.394","4217860","+9.000100E+00,+1.299034E-09,+3.664577E+03,+4.217860E+06"
"2026-08-26T04:46:25.620Z","a","time","4","VOLT","9","8.999999","-4.377451e-10","-20559908037.805565","-3.9397054622549004e-9","0.01","false","22.603","4217860","+8.999999E+00,-4.377451E-10,+3.664778E+03,+4.217860E+06"
"2026-08-26T04:46:25.825Z","a","time","4","VOLT","9","9.000077","1.231732e-9","7306846781.605088","1.1085682843364e-8","0.01","false","22.808","4217860","+9.000077E+00,+1.231732E-09,+3.664984E+03,+4.217860E+06"
"2026-08-26T04:46:26.033Z","a","time","4","VOLT","9","9.00005","-5.222754e-10","-17232383527.924156","-4.70050471377e-9","0.01","false","23.016","4217860","+9.000050E+00,-5.222754E-10,+3.665187E+03,+4.217860E+06"
"2026-08-26T04:46:26.241Z","a","time","4","VOLT","9","9.000031","1.210987e-9","7431979864.358577","1.0898920540597e-8","0.01","false","23.224","4217860","+9.000031E+00,+1.210987E-09,+3.665391E+03,+4.217860E+06"
"2026-08-26T04:46:26.449Z","a","time","4","VOLT","9","9.000119","-5.607455e-10","-16050274143.974405","-5.0467762287145e-9","0.01","false","23.432","4217860","+9.000119E+00,-5.607455E-10,+3.665594E+03,+4.217860E+06"
"2026-08-26T04:46:26.658Z","a","time","4","VOLT","9","9.000087","1.336988e-9","6731613896.310214","1.2033008317956e-8","0.01","false","23.641","4217860","+9.000087E+00,+1.336988E-09,+3.665796E+03,+4.217860E+06"
"2026-08-26T04:46:26.881Z","a","time","4","VOLT","9","9.000054","1.319278e-9","6821954129.455657","1.1873573241012e-8","0.01","false","23.864","4217860","+9.000054E+00,+1.319278E-09,+3.666006E+03,+4.217860E+06"
"2026-08-26T04:46:27.072Z","a","time","4","VOLT","9","9.000085","1.049313e-12","8577121411818.972","9.443906191605e-12","0.01","false","24.055","4217860","+9.000085E+00,+1.049313E-12,+3.666199E+03,+4.217860E+06"
"2026-08-26T04:46:27.296Z","a","time","4","VOLT","9","8.999867","1.368858e-9","6574726523.861497","1.2319539941886e-8","0.01","false","24.279","4217860","+8.999867E+00,+1.368858E-09,+3.666416E+03,+4.217860E+06"
"2026-08-26T04:46:27.504Z","a","time","4","VOLT","9","9.000045","-1.4722e-10","-61133303898.92677","-1.3249866249e-9","0.01","false","24.487","4217860","+9.000045E+00,-1.472200E-10,+3.666615E+03,+4.217860E+06"
"2026-08-26T04:46:27.727Z","a","time","4","VOLT","9","9.000042","-2.960175e-10","-30403749778.307026","-2.664169932735e-9","0.01","false","24.71","4217860","+9.000042E+00,-2.960175E-10,+3.666831E+03,+4.217860E+06"
"2026-08-26T04:46:27.935Z","a","time","4","VOLT","9","9.000045","3.375628e-10","26661838923.00929","3.038080390326e-9","0.01","false","24.918","4217860","+9.000045E+00,+3.375628E-10,+3.667038E+03,+4.217860E+06"
"2026-08-26T04:46:28.144Z","a","time","4","VOLT","9","9.000117","1.474124e-9","6105400224.133112","1.3267288472507999e-8","0.01","false","25.127","4217860","+9.000117E+00,+1.474124E-09,+3.667244E+03,+4.217860E+06"
"2026-08-26T04:46:28.366Z","a","time","4","VOLT","9","9.000062","1.23173e-9","7306846467.975936","1.108564636726e-8","0.01","false","25.349","4217860","+9.000062E+00,+1.231730E-09,+3.667457E+03,+4.217860E+06"
"2026-08-26T04:46:28.557Z","a","time","4","VOLT","9","9.000102","1.173034e-9","7672498836.350864","1.0557425649468001e-8","0.01","false","25.54","4217860","+9.000102E+00,+1.173034E-09,+3.667652E+03,+4.217860E+06"
"2026-08-26T04:46:28.783Z","a","time","4","VOLT","9","9.000099","1.250291e-10","71984034116.85759","1.1252742778809002e-9","0.01","false","25.766","4217860","+9.000099E+00,+1.250291E-10,+3.667869E+03,+4.217860E+06"
"2026-08-26T04:46:28.990Z","a","time","4","VOLT","9","9.000039","-1.436776e-10","-62640515988.57442","-1.2931040034264e-9","0.01","false","25.973","4217860","+9.000039E+00,-1.436776E-10,+3.668070E+03,+4.217860E+06"
"2026-08-26T04:46:29.198Z","a","time","4","VOLT","9","9.00001","-4.463505e-10","-20163548601.379406","-4.017158963505e-9","0.01","false","26.181","4217860","+9.000010E+00,-4.463505E-10,+3.668277E+03,+4.217860E+06"
"2026-08-26T04:46:29.405Z","a","time","4","VOLT","9","9.000077","1.009076e-9","8919127003.317886","9.081761698851999e-9","0.01","false","26.388","4217860","+9.000077E+00,+1.009076E-09,+3.668484E+03,+4.217860E+06"
"2026-08-26T04:46:29.629Z","a","time","4","VOLT","9","9.000068","1.137099e-9","7914937925.369735","1.0233968322732001e-8","0.01","false","26.612","4217860","+9.000068E+00,+1.137099E-09,+3.668691E+03,+4.217860E+06"
"2026-08-26T04:46:29.822Z","a","time","4","VOLT","9","9.000019","1.007383e-10","89340588435.58012","9.066466140276999e-10","0.01","false","26.805","4217860","+9.000019E+00,+1.007383E-10,+3.668883E+03,+4.217860E+06"
"2026-08-26T04:46:30.044Z","a","time","4","VOLT","9","9.000072","1.160379e-9","7756148637.643391","1.0443494547287998e-8","0.01","false","27.027","4217860","+9.000072E+00,+1.160379E-09,+3.669103E+03,+4.217860E+06"
"2026-08-26T04:46:30.252Z","a","time","4","VOLT","9","9.000032","1.307635e-9","6882679035.05183","1.1768756844319998e-8","0.01","false","27.235","4217860","+9.000032E+00,+1.307635E-09,+3.669312E+03,+4.217860E+06"
"2026-08-26T04:46:30.461Z","a","time","4","VOLT","9","8.999994","-3.608071e-10","-24944060136.288887","-3.2472617351574e-9","0.01","false","27.444","4217860","+8.999994E+00,-3.608071E-10,+3.669518E+03,+4.217860E+06"
"2026-08-26T04:46:30.668Z","a","time","4","VOLT","9","9.000052","1.450338e-9","6205485893.633071","1.3053117417576e-8","0.01","false","27.651","4217860","+9.000052E+00,+1.450338E-09,+3.669718E+03,+4.217860E+06"
"2026-08-26T04:46:30.875Z","a","time","4","VOLT","9","9.000102","-4.412901e-10","-20394978269.396935","-3.9716559115902e-9","0.01","false","27.858","4217860","+9.000102E+00,-4.412901E-10,+3.669923E+03,+4.217860E+06"
"2026-08-26T04:46:31.099Z","a","time","4","VOLT","9","8.999997","1.164931e-9","7725776891.50688","1.0484375505207e-8","0.01","false","28.082","4217860","+8.999997E+00,+1.164931E-09,+3.670130E+03,+4.217860E+06"
"2026-08-26T04:46:31.306Z","a","time","4","VOLT","9","9.000062","1.25855e-9","7151135830.916531","1.1327028030099999e-8","0.01","false","28.289","4217860","+9.000062E+00,+1.258550E-09,+3.670339E+03,+4.217860E+06"
"2026-08-26T04:46:31.515Z","a","time","4","VOLT","9","9.00001","-4.919059e-10","-18296202586.714245","-4.427158019059e-9","0.01","false","28.498","4217860","+9.000010E+00,-4.919059E-10,+3.670544E+03,+4.217860E+06"
"2026-08-26T04:46:31.722Z","a","time","4","VOLT","9","9.000168","9.185015e-10","9798751553.481403","8.266667808252e-9","0.01","false","28.705","4217860","+9.000168E+00,+9.185015E-10,+3.670750E+03,+4.217860E+06"
"2026-08-26T04:46:31.947Z","a","time","4","VOLT","9","9.000077","1.326867e-9","6782953378.145661","1.1941905168759e-8","0.01","false","28.93","4217860","+9.000077E+00,+1.326867E-09,+3.670956E+03,+4.217860E+06"
"2026-08-26T04:46:32.138Z","a","time","4","VOLT","9","8.999916","4.165039e-10","21608239442.65588","3.7485001136724e-9","0.01","false","29.121","4217860","+8.999916E+00,+4.165039E-10,+3.671149E+03,+4.217860E+06"
"2026-08-26T04:46:32.362Z","a","time","4","VOLT","9","9.000137","-4.088936e-10","-22010951015.129612","-3.6800984184232e-9","0.01","false","29.345","4217860","+9.000137E+00,-4.088936E-10,+3.671374E+03,+4.217860E+06"
"2026-08-26T04:46:32.569Z","a","time","4","VOLT","9","9.00005","1.174375e-10","76636934539.64876","1.0569433718749999e-9","0.01","false","29.552","4217860","+9.000050E+00,+1.174375E-10,+3.671572E+03,+4.217860E+06"
"2026-08-26T04:46:32.793Z","a","time","4","VOLT","9","8.999989","1.204911e-9","7469422222.886171","1.0844185745978999e-8","0.01","false","29.776","4217860","+8.999989E+00,+1.204911E-09,+3.671788E+03,+4.217860E+06"
"2026-08-26T04:46:32.985Z","a","time","4","VOLT","9","9.000045","1.235777e-9","7282903792.512728","1.1122048609965e-8","0.01","false","29.968","4217860","+9.000045E+00,+1.235777E-09,+3.671984E+03,+4.217860E+06"
"2026-08-26T04:46:33.209Z","a","time","4","VOLT","9","9.000005","6.811614e-10","13212734896.604534","6.130456005807e-9","0.01","false","30.192","4217860","+9.000005E+00,+6.811614E-10,+3.672201E+03,+4.217860E+06"
"2026-08-26T04:46:33.416Z","a","time","4","VOLT","9","9.000067","1.029317e-9","8743727151.110882","9.263921964239e-9","0.01","false","30.399","4217860","+9.000067E+00,+1.029317E-09,+3.672394E+03,+4.217860E+06"
"2026-08-26T04:46:33.624Z","a","time","4","VOLT","9","9.000072","3.704588e-10","24294393870.519474","3.3341558730335997e-9","0.01","false","30.607","4217860","+9.000072E+00,+3.704588E-10,+3.672607E+03,+4.217860E+06"
"2026-08-26T04:46:33.848Z","a","time","4","VOLT","9","8.999975","1.03286e-9","8713644637.220919","9.2957141785e-9","0.01","false","30.831","4217860","+8.999975E+00,+1.032860E-09,+3.672818E+03,+4.217860E+06"
"2026-08-26T04:46:34.038Z","a","time","4","VOLT","9","9.000027","6.47259e-10","13904830987.286386","5.825348475993e-9","0.01","false","31.021","4217860","+9.000027E+00,+6.472590E-10,+3.673014E+03,+4.217860E+06"
"2026-08-26T04:46:34.279Z","a","time","4","VOLT","9","9.000062","8.04129e-10","11192311183.902086","7.237210855998e-9","0.01","false","31.262","4217860","+9.000062E+00,+8.041290E-10,+3.673243E+03,+4.217860E+06"
"2026-08-26T04:46:34.470Z","a","time","4","VOLT","9","8.999958","1.040449e-9","8650071267.308634","9.363997301141998e-9","0.01","false","31.453","4217860","+8.999958E+00,+1.040449E-09,+3.673432E+03,+4.217860E+06"
"2026-08-26T04:46:34.694Z","a","time","4","VOLT","9","9.000217","7.712413e-10","11669780910.332472","6.941339059362099e-9","0.01","false","31.677","4217860","+9.000217E+00,+7.712413E-10,+3.673649E+03,+4.217860E+06"
"2026-08-26T04:46:34.904Z","a","time","4","VOLT","9","9.00011","8.370222e-10","10752534401.118631","7.533291872442e-9","0.01","false","31.887","4217860","+9.000110E+00,+8.370222E-10,+3.673861E+03,+4.217860E+06"
"2026-08-26T04:46:35.110Z","a","time","4","VOLT","9","9.000087","-4.342021e-10","-20727875337.31412","-3.9078566755827e-9","0.01","false","32.093","4217860","+9.000087E+00,-4.342021E-10,+3.674061E+03,+4.217860E+06"
"2026-08-26T04:46:35.318Z","a","time","4","VOLT","9","9.000087","9.124227e-10","9863944638.817076","8.2118836807749e-9","0.01","false","32.301","4217860","+9.000087E+00,+9.124227E-10,+3.674261E+03,+4.217860E+06"
"2026-08-26T04:46:35.525Z","a","time","4","VOLT","9","9.000048","-3.780166e-10","-23808605230.563946","-3.4021675447968e-9","0.01","false","32.508","4217860","+9.000048E+00,-3.780166E-10,+3.674466E+03,+4.217860E+06"
"2026-08-26T04:46:35.749Z","a","time","4","VOLT","9","9.000114","-3.729556e-10","-24131864490.03581","-3.3566429169384e-9","0.01","false","32.732","4217860","+9.000114E+00,-3.729556E-10,+3.674677E+03,+4.217860E+06"
"2026-08-26T04:46:35.941Z","a","time","4","VOLT","9","9.000155","-6.822284e-10","-13192290147.991491","-6.140161345402e-9","0.01","false","32.924","4217860","+9.000155E+00,-6.822284E-10,+3.674873E+03,+4.217860E+06"
"2026-08-26T04:46:36.166Z","a","time","4","VOLT","9","9.00004","4.914028e-10","18314995356.151817","4.4226448561120006e-9","0.01","false","33.149","4217860","+9.000040E+00,+4.914028E-10,+3.675090E+03,+4.217860E+06"
"2026-08-26T04:46:36.372Z","a","time","4","VOLT","9","9.000054","1.011607e-9","8896788970.420332","9.104517626778002e-9","0.01","false","33.355","4217860","+9.000054E+00,+1.011607E-09,+3.675288E+03,+4.217860E+06"
"2026-08-26T04:46:36.580Z","a","time","4","VOLT","9","9.00011","1.144187e-9","7865943241.795265","1.029780886057e-8","0.01","false","33.563","4217860","+9.000110E+00,+1.144187E-09,+3.675500E+03,+4.217860E+06"
"2026-08-26T04:46:36.787Z","a","time","4","VOLT","9","9.00012","1.300552e-9","6920230794.308879","1.1705124066240001e-8","0.01","false","33.77","4217860","+9.000120E+00,+1.300552E-09,+3.675695E+03,+4.217860E+06"
"2026-08-26T04:46:36.995Z","a","time","4","VOLT","9","8.999997","-5.739038e-10","-15682065530.843323","-5.1651324782886e-9","0.01","false","33.978","4217860","+8.999997E+00,-5.739038E-10,+3.675898E+03,+4.217860E+06"
"2026-08-26T04:46:37.204Z","a","time","4","VOLT","9","9.000054","1.404798e-9","6406653483.2766","1.2643257859092e-8","0.01","false","34.187","4217860","+9.000054E+00,+1.404798E-09,+3.676103E+03,+4.217860E+06"
"2026-08-26T04:46:37.426Z","a","time","4","VOLT","9","9.000052","7.999054e-11","112513954775.15216","7.1991901950808e-10","0.01","false","34.409","4217860","+9.000052E+00,+7.999054E-11,+3.676320E+03,+4.217860E+06"
"2026-08-26T04:46:37.619Z","a","time","4","VOLT","9","9.000027","1.174044e-9","7665834500.240194","1.0566427699187999e-8","0.01","false","34.602","4217860","+9.000027E+00,+1.174044E-09,+3.676509E+03,+4.217860E+06"
"2026-08-26T04:46:37.842Z","a","time","4","VOLT","9","9.00005","2.454649e-10","36665323636.90287","2.209196373245e-9","0.01","false","34.825","4217860","+9.000050E+00,+2.454649E-10,+3.676727E+03,+4.217860E+06"
"2026-08-26T04:46:38.050Z","a","time","4","VOLT","9","9.000107","-4.822882e-10","-18661263120.26709","-4.3406454048374e-9","0.01","false","35.033","4217860","+9.000107E+00,-4.822882E-10,+3.676925E+03,+4.217860E+06"
"2026-08-26T04:46:38.274Z","a","time","4","VOLT","9","9.000047","1.469064e-9","6126381832.241482","1.3221645046008e-8","0.01","false","35.257","4217860","+9.000047E+00,+1.469064E-09,+3.677144E+03,+4.217860E+06"
"2026-08-26T04:46:38.466Z","a","time","4","VOLT","9","9.000131","1.282343e-9","7018505189.32922","1.1541254986933e-8","0.01","false","35.449","4217860","+9.000131E+00,+1.282343E-09,+3.677341E+03,+4.217860E+06"
"2026-08-26T04:46:38.689Z","a","time","4","VOLT","9","9.00011","-5.880774e-10","-15304294978.858225","-5.292761288514e-9","0.01","false","35.672","4217860","+9.000110E+00,-5.880774E-10,+3.677562E+03,+4.217860E+06"
"2026-08-26T04:46:38.897Z","a","time","4","VOLT","9","9.000003","-4.681142e-10","-19226084147.842552","-4.2130292043426e-9","0.01","false","35.88","4217860","+9.000003E+00,-4.681142E-10,+3.677756E+03,+4.217860E+06"
"2026-08-26T04:46:39.105Z","a","time","4","VOLT","9","9.000082","-5.086086e-10","-17695497087.54433","-4.5775191059052005e-9","0.01","false","36.088","4217860","+9.000082E+00,-5.086086E-10,+3.677969E+03,+4.217860E+06"
"2026-08-26T04:46:39.313Z","a","time","4","VOLT","9","9.000081","-4.235728e-10","-21248014508.958084","-3.8121895093967996e-9","0.01","false","36.296","4217860","+9.000081E+00,-4.235728E-10,+3.678163E+03,+4.217860E+06"
"2026-08-26T04:46:39.520Z","a","time","4","VOLT","9","9.000066","1.255521e-9","7168391448.649605","1.1299771864386e-8","0.01","false","36.503","4217860","+9.000066E+00,+1.255521E-09,+3.678366E+03,+4.217860E+06"
"2026-08-26T04:46:39.728Z","a","time","4","VOLT","9","9.00009","-1.811244e-10","-49690102493.09315","-1.630135901196e-9","0.01","false","36.711","4217860","+9.000090E+00,-1.811244E-10,+3.678572E+03,+4.217860E+06"
"2026-08-26T04:46:39.935Z","a","time","4","VOLT","9","8.999935","-4.858298e-10","-18524872290.666405","-4.372436621063e-9","0.01","false","36.918","4217860","+8.999935E+00,-4.858298E-10,+3.678779E+03,+4.217860E+06"
"2026-08-26T04:46:40.158Z","a","time","4","VOLT","9","8.999985","3.051764e-10","29491091054.223064","2.746583022354e-9","0.01","false","37.142","4217860","+8.999985E+00,+3.051764E-10,+3.678988E+03,+4.217860E+06"
"2026-08-26T04:46:40.351Z","a","time","4","VOLT","9","9.000052","8.758108e-11","102762514460.88585","7.8823427421616e-10","0.01","false","37.334","4217860","+9.000052E+00,+8.758108E-11,+3.679184E+03,+4.217860E+06"
"2026-08-26T04:46:40.575Z","a","time","4","VOLT","9","8.999906","-3.05634e-10","-29446678052.834435","-2.750677270404e-9","0.01","false","37.558","4217860","+8.999906E+00,-3.056340E-10,+3.679399E+03,+4.217860E+06"
"2026-08-26T04:46:40.783Z","a","time","4","VOLT","9","8.999978","8.724448e-10","10315813676.693357","7.8519840062144e-9","0.01","false","37.766","4217860","+8.999978E+00,+8.724448E-10,+3.679606E+03,+4.217860E+06"
"2026-08-26T04:46:40.991Z","a","time","4","VOLT","9","9.000077","-2.631166e-10","-34205660152.19108","-2.3680696599782e-9","0.01","false","37.974","4217860","+9.000077E+00,-2.631166E-10,+3.679805E+03,+4.217860E+06"
"2026-08-26T04:46:41.199Z","a","time","4","VOLT","9","9.000047","1.452365e-9","6196821735.582997","1.3071353261155001e-8","0.01","false","38.182","4217860","+9.000047E+00,+1.452365E-09,+3.680009E+03,+4.217860E+06"
"2026-08-26T04:46:41.406Z","a","time","4","VOLT","9","9.000039","8.830716e-10","10191743228.974863","7.9476788397924e-9","0.01","false","38.389","4217860","+9.000039E+00,+8.830716E-10,+3.680208E+03,+4.217860E+06"
"2026-08-26T04:46:41.614Z","a","time","4","VOLT","9","9.000057","2.899966e-10","31035043169.471645","2.6099859298061997e-9","0.01","false","38.597","4217860","+9.000057E+00,+2.899966E-10,+3.680414E+03,+4.217860E+06"
"2026-08-26T04:46:41.822Z","a","time","4","VOLT","9","9.000016","-6.123739e-10","-14696929441.310284","-5.511374897982401e-9","0.01","false","38.805","4217860","+9.000016E+00,-6.123739E-10,+3.680621E+03,+4.217860E+06"
"2026-08-26T04:46:42.045Z","a","time","4","VOLT","9","8.999969","-2.079443e-10","-43280671795.28364","-1.8714922537267e-9","0.01","false","39.028","4217860","+8.999969E+00,-2.079443E-10,+3.680830E+03,+4.217860E+06"
"2026-08-26T04:46:42.237Z","a","time","4","VOLT","9","9.000125","-3.643507e-10","-24701818879.447742","-3.2792018438375e-9","0.01","false","39.22","4217860","+9.000125E+00,-3.643507E-10,+3.681028E+03,+4.217860E+06"
"2026-08-26T04:46:42.461Z","a","time","4","VOLT","9","8.999957","-5.050649e-10","-17819406971.262505","-4.545562382209301e-9","0.01","false","39.444","4217860","+8.999957E+00,-5.050649E-10,+3.681239E+03,+4.217860E+06"
"2026-08-26T04:46:42.669Z","a","time","4","VOLT","9","9.000047","-4.149676e-10","-21688553515.985348","-3.7347279034772e-9","0.01","false","39.652","4217860","+9.000047E+00,-4.149676E-10,+3.681436E+03,+4.217860E+06"
"2026-08-26T04:46:42.892Z","a","time","4","VOLT","9","9.000077","-4.144614e-10","-21715115086.712536","-3.7301845135278e-9","0.01","false","39.875","4217860","+9.000077E+00,-4.144614E-10,+3.681660E+03,+4.217860E+06"
"2026-08-26T04:46:43.084Z","a","time","4","VOLT","9","9.000039","1.609567e-10","55915901605.83561","1.4486165773112998e-9","0.01","false","40.067","4217860","+9.000039E+00,+1.609567E-10,+3.681855E+03,+4.217860E+06"
"2026-08-26T04:46:43.308Z","a","time","4","VOLT","9","9.000045","-4.448311e-10","-20232499481.263786","-4.0034999173995e-9","0.01","false","40.291","4217860","+9.000045E+00,-4.448311E-10,+3.682072E+03,+4.217860E+06"
"2026-08-26T04:46:43.514Z","a","time","4","VOLT","9","8.999941","1.017676e-9","8843621152.508265","9.159023957116e-9","0.01","false","40.497","4217860","+8.999941E+00,+1.017676E-09,+3.682271E+03,+4.217860E+06"
"2026-08-26T04:46:43.723Z","a","time","4","VOLT","9","9.000102","-3.962396e-10","-22713787314.54403","-3.5661968164392e-9","0.01","false","40.706","4217860","+9.000102E+00,-3.962396E-10,+3.682479E+03,+4.217860E+06"
"2026-08-26T04:46:43.946Z","a","time","4","VOLT","9","8.999952","5.207461e-10","17282802502.02546","4.6866899041872e-9","0.01","false","40.929","4217860","+8.999952E+00,+5.207461E-10,+3.682685E+03,+4.217860E+06"
"2026-08-26T04:46:44.139Z","a","time","4","VOLT","9","9.000086","-4.883632e-10","-18429083108.637177","-4.3953107992352e-9","0.01","false","41.122","4217860","+9.000086E+00,-4.883632E-10,+3.682882E+03,+4.217860E+06"
"2026-08-26T04:46:44.362Z","a","time","4","VOLT","9","9.000087","-1.846666e-10","-48736950807.56348","-1.6620154659942001e-9","0.01","false","41.345","4217860","+9.000087E+00,-1.846666E-10,+3.683097E+03,+4.217860E+06"
"2026-08-26T04:46:44.570Z","a","time","4","VOLT","9","9.000235","-2.621045e-10","-34338345965.063553","-2.3590020945575e-9","0.01","false","41.553","4217860","+9.000235E+00,-2.621045E-10,+3.683309E+03,+4.217860E+06"
"2026-08-26T04:46:44.794Z","a","time","4","VOLT","9","9.000014","3.54768e-10","25368731114.418438","3.192916966752e-9","0.01","false","41.777","4217860","+9.000014E+00,+3.547680E-10,+3.683516E+03,+4.217860E+06"
"2026-08-26T04:46:45.002Z","a","time","4","VOLT","9","9.000092","4.650866e-10","19351432614.915157","4.1858221879672e-9","0.01","false","41.985","4217860","+9.000092E+00,+4.650866E-10,+3.683719E+03,+4.217860E+06"
"2026-08-26T04:46:45.209Z","a","time","4","VOLT","9","9.000128","1.290433e-9","6974502356.960803","1.1614062175424e-8","0.01","false","42.192","4217860","+9.000128E+00,+1.290433E-09,+3.683933E+03,+4.217860E+06"
"2026-08-26T04:46:45.433Z","a","time","4","VOLT","9","9.000054","6.128491e-10","14685595524.248955","5.5156749938514004e-9","0.01","false","42.416","4217860","+9.000054E+00,+6.128491E-10,+3.684144E+03,+4.217860E+06"
"2026-08-26T04:46:45.625Z","a","time","4","VOLT","9","9.000039","-6.508425e-10","-13828290254.554672","-5.857607882857499e-9","0.01","false","42.608","4217860","+9.000039E+00,-6.508425E-10,+3.684335E+03,+4.217860E+06"
"2026-08-26T04:46:45.848Z","a","time","4","VOLT","9","9.00009","7.434053e-10","12106572282.97942","6.690714606477e-9","0.01","false","42.831","4217860","+9.000090E+00,+7.434053E-10,+3.684552E+03,+4.217860E+06"
"2026-08-26T04:46:46.057Z","a","time","4","VOLT","9","9.000067","5.114686e-11","175965191216.03943","4.6032516683962e-10","0.01","false","43.04","4217860","+9.000067E+00,+5.114686E-11,+3.684762E+03,+4.217860E+06"
"2026-08-26T04:46:46.264Z","a","time","4","VOLT","9","9.000047","8.000823e-10","11248901519.256207","7.2007783038681e-9","0.01","false","43.247","4217860","+9.000047E+00,+8.000823E-10,+3.684965E+03,+4.217860E+06"
"2026-08-26T04:46:46.487Z","a","time","4","VOLT","9","8.999985","4.448424e-10","20231850650.927162","4.003574927364e-9","0.01","false","43.47","4217860","+8.999985E+00,+4.448424E-10,+3.685178E+03,+4.217860E+06"
"2026-08-26T04:46:46.680Z","a","time","4","VOLT","9","9.00005","1.029822e-9","8739422929.399448","9.2684494911e-9","0.01","false","43.663","4217860","+9.000050E+00,+1.029822E-09,+3.685371E+03,+4.217860E+06"
"2026-08-26T04:46:46.903Z","a","time","4","VOLT","9","9.000106","-1.887147e-10","-47691600071.43058","-1.6984523037582002e-9","0.01","false","43.886","4217860","+9.000106E+00,-1.887147E-10,+3.685585E+03,+4.217860E+06"
"2026-08-26T04:46:47.096Z","a","time","4","VOLT","9","9.000025","9.432881e-10","9541120045.932945","8.4896164822025e-9","0.01","false","44.079","4217860","+9.000025E+00,+9.432881E-10,+3.685777E+03,+4.217860E+06"
"2026-08-26T04:46:47.319Z","a","time","4","VOLT","9","9.00001","9.670738e-10","9306435558.485815","8.703673870738e-9","0.01","false","44.302","4217860","+9.000010E+00,+9.670738E-10,+3.685990E+03,+4.217860E+06"
"2026-08-26T04:46:47.526Z","a","time","4","VOLT","9","8.999928","-4.483733e-10","-20072399493.903854","-4.0353274171224e-9","0.01","false","44.509","4217860","+8.999928E+00,-4.483733E-10,+3.686188E+03,+4.217860E+06"
"2026-08-26T04:46:47.733Z","a","time","4","VOLT","9","9.000022","-4.676088e-10","-19246904677.585194","-4.2084894873936004e-9","0.01","false","44.716","4217860","+9.000022E+00,-4.676088E-10,+3.686401E+03,+4.217860E+06"
"2026-08-26T04:46:47.942Z","a","time","4","VOLT","9","9.000106","1.354198e-9","6646078343.048801","1.2187925544988e-8","0.01","false","44.925","4217860","+9.000106E+00,+1.354198E-09,+3.686606E+03,+4.217860E+06"
"2026-08-26T04:46:48.149Z","a","time","4","VOLT","9","8.999965","-3.076593e-10","-29253024368.1891","-2.7689229319245e-9","0.01","false","45.132","4217860","+8.999965E+00,-3.076593E-10,+3.686807E+03,+4.217860E+06"
"2026-08-26T04:46:48.374Z","a","time","4","VOLT","9","9.000041","6.720563e-10","13391796193.265354","6.0485342543083e-9","0.01","false","45.357","4217860","+9.000041E+00,+6.720563E-10,+3.687016E+03,+4.217860E+06"
"2026-08-26T04:46:48.565Z","a","time","4","VOLT","9","9.00012","1.163922e-9","7732580018.248646","1.0475437670640002e-8","0.01","false","45.548","4217860","+9.000120E+00,+1.163922E-09,+3.687209E+03,+4.217860E+06"
"2026-08-26T04:46:48.805Z","a","time","4","VOLT","9","9.000047","1.461473e-9","6158202717.395395","1.3153325689231e-8","0.01","false","45.788","4217860","+9.000047E+00,+1.461473E-09,+3.687437E+03,+4.217860E+06"
"2026-08-26T04:46:48.997Z","a","time","4","VOLT","9","8.999925","1.313196e-9","6853451426.900477","1.1818665510299999e-8","0.01","false","45.98","4217860","+8.999925E+00,+1.313196E-09,+3.687632E+03,+4.217860E+06"
"2026-08-26T04:46:49.222Z","a","time","4","VOLT","9","9.000082","5.197364e-10","17316628198.44829","4.6776702183848e-9","0.01","false","46.205","4217860","+9.000082E+00,+5.197364E-10,+3.687847E+03,+4.217860E+06"
"2026-08-26T04:46:49.445Z","a","time","4","VOLT","9","8.999969","-7.688115e-11","-117063402407.4822","-6.9192796668435e-10","0.01","false","46.428","4217860","+8.999969E+00,-7.688115E-11,+3.688059E+03,+4.217860E+06"
"2026-08-26T04:46:49.652Z","a","time","4","VOLT","9","9.000014","1.27626e-9","7051865607.321392","1.148635786764e-8","0.01","false","46.635","4217860","+9.000014E+00,+1.276260E-09,+3.688265E+03,+4.217860E+06"
"2026-08-26T04:46:49.860Z","a","time","4","VOLT","9","9.000105","1.28841e-9","6985435536.824458","1.1595825283049998e-8","0.01","false","46.843","4217860","+9.000105E+00,+1.288410E-09,+3.688479E+03,+4.217860E+06"
"2026-08-26T04:46:50.068Z","a","time","4","VOLT","9","9.000019","-1.694855e-10","-53101999876.0956","-1.5253727202245e-9","0.01","false","47.051","4217860","+9.000019E+00,-1.694855E-10,+3.688678E+03,+4.217860E+06"
"2026-08-26T04:46:50.290Z","a","time","4","VOLT","9","9.00012","-4.782387e-10","-18819305087.605835","-4.304205688644e-9","0.01","false","47.273","4217860","+9.000120E+00,-4.782387E-10,+3.688890E+03,+4.217860E+06"
"2026-08-26T04:46:50.499Z","a","time","4","VOLT","9","9.000077","-3.360051e-10","-26785536886.19607","-3.0240717723927e-9","0.01","false","47.482","4217860","+9.000077E+00,-3.360051E-10,+3.689089E+03,+4.217860E+06"
"2026-08-26T04:46:50.722Z","a","time","4","VOLT","9","9.000153","9.544322e-10","9429850543.600685","8.5900358281266e-9","0.01","false","47.705","4217860","+9.000153E+00,+9.544322E-10,+3.689310E+03,+4.217860E+06"
"2026-08-26T04:46:50.914Z","a","time","4","VOLT","9","9.000057","5.516179e-10","16315745011.17531","4.9645925422202994e-9","0.01","false","47.897","4217860","+9.000057E+00,+5.516179E-10,+3.689507E+03,+4.217860E+06"
"2026-08-26T04:46:51.138Z","a","time","4","VOLT","9","9.000047","6.973567e-10","12905944690.859068","6.276243075764901e-9","0.01","false","48.121","4217860","+9.000047E+00,+6.973567E-10,+3.689720E+03,+4.217860E+06"
"2026-08-26T04:46:51.345Z","a","time","4","VOLT","9","9.000075","9.296252e-10","9681401708.989817","8.36669652189e-9","0.01","false","48.328","4217860","+9.000075E+00,+9.296252E-10,+3.689924E+03,+4.217860E+06"
"2026-08-26T04:46:51.552Z","a","time","4","VOLT","9","9.00003","-6.994347e-10","-12867577201.98898","-6.2949332830410005e-9","0.01","false","48.535","4217860","+9.000030E+00,-6.994347E-10,+3.690129E+03,+4.217860E+06"
"2026-08-26T04:46:51.761Z","a","time","4","VOLT","9","9.000082","1.262092e-9","7131082361.666187","1.1358931491544001e-8","0.01","false","48.744","4217860","+9.000082E+00,+1.262092E-09,+3.690331E+03,+4.217860E+06"
"2026-08-26T04:46:51.970Z","a","time","4","VOLT","9","9","4.04362e-10","22257284314.549835","3.639258e-9","0.01","false","48.953","4217860","+9.000000E+00,+4.043620E-10,+3.690542E+03,+4.217860E+06"
"2026-08-26T04:46:52.193Z","a","time","4","VOLT","9","8.99998","-3.349922e-10","-26866237482.544373","-3.014923100156e-9","0.01","false","49.176","4217860","+8.999980E+00,-3.349922E-10,+3.690752E+03,+4.217860E+06"
"2026-08-26T04:46:52.384Z","a","time","4","VOLT","9","9.000087","-4.802636e-10","-18739889927.11503","-4.3224141829332e-9","0.01","false","49.367","4217860","+9.000087E+00,-4.802636E-10,+3.690945E+03,+4.217860E+06"
"2026-08-26T04:46:52.608Z","a","time","4","VOLT","9","9.000002","1.542943e-9","5833010033.423141","1.3886490085886001e-8","0.01","false","49.591","4217860","+9.000002E+00,+1.542943E-09,+3.691162E+03,+4.217860E+06"
"2026-08-26T04:46:52.816Z","a","time","4","VOLT","9","9.000054","1.435161e-9","6271111046.077758","1.2916526498694e-8","0.01","false","49.799","4217860","+9.000054E+00,+1.435161E-09,+3.691357E+03,+4.217860E+06"
"2026-08-26T04:46:53.039Z","a","time","4","VOLT","9","9.00012","1.005033e-9","8955049237.189228","9.04541760396e-9","0.01","false","50.022","4217860","+9.000120E+00,+1.005033E-09,+3.691574E+03,+4.217860E+06"
"2026-08-26T04:46:53.230Z","a","time","4","VOLT","9","9.000048","1.194609e-10","75338859827.77629","1.0751538341232e-9","0.01","false","50.213","4217860","+9.000048E+00,+1.194609E-10,+3.691772E+03,+4.217860E+06"
"2026-08-26T04:46:53.454Z","a","time","4","VOLT","9","9.000114","-1.666201e-11","-540157760078.16583","-1.4995998946914001e-10","0.01","false","50.437","4217860","+9.000114E+00,-1.666201E-11,+3.691990E+03,+4.217860E+06"
"2026-08-26T04:46:53.663Z","a","time","4","VOLT","9","9.00011","1.503299e-10","59869061311.15633","1.3529856362889999e-9","0.01","false","50.646","4217860","+9.000110E+00,+1.503299E-10,+3.692186E+03,+4.217860E+06"
"2026-08-26T04:46:53.871Z","a","time","4","VOLT","9","9.000151","-3.172773e-10","-28366829268.907677","-2.8555436088723e-9","0.01","false","50.854","4217860","+9.000151E+00,-3.172773E-10,+3.692395E+03,+4.217860E+06"
"2026-08-26T04:46:54.093Z","a","time","4","VOLT","9","9.000102","-1.279898e-10","-70318900412.37662","-1.1519212549596e-9","0.01","false","51.076","4217860","+9.000102E+00,-1.279898E-10,+3.692607E+03,+4.217860E+06"
"2026-08-26T04:46:54.286Z","a","time","4","VOLT","9","9.000116","-3.764983e-10","-23904798507.722343","-3.3885283738028004e-9","0.01","false","51.269","4217860","+9.000116E+00,-3.764983E-10,+3.692803E+03,+4.217860E+06"
"2026-08-26T04:46:54.510Z","a","time","4","VOLT","9","9.000061","1.364317e-9","6596752074.481224","1.2278936223337e-8","0.01","false","51.493","4217860","+9.000061E+00,+1.364317E-09,+3.693019E+03,+4.217860E+06"
"2026-08-26T04:46:54.719Z","a","time","4","VOLT","9","8.999824","8.835662e-10","10185794793.870567","7.951940292348801e-9","0.01","false","51.702","4217860","+8.999824E+00,+8.835662E-10,+3.693219E+03,+4.217860E+06"
"2026-08-26T04:46:54.927Z","a","time","4","VOLT","9","9.000144","1.305611e-9","6893434568.183021","1.1750687007984e-8","0.01","false","51.91","4217860","+9.000144E+00,+1.305611E-09,+3.693428E+03,+4.217860E+06"
"2026-08-26T04:46:55.149Z","a","time","4","VOLT","9","8.999888","1.362781e-9","6604060373.6036825","1.2264876368528e-8","0.01","false","52.132","4217860","+8.999888E+00,+1.362781E-09,+3.693637E+03,+4.217860E+06"
"2026-08-26T04:46:55.341Z","a","time","4","VOLT","9","9.000051","9.928778e-10","9064610972.266678","8.935950836767798e-9","0.01","false","52.324","4217860","+9.000051E+00,+9.928778E-10,+3.693835E+03,+4.217860E+06"
"2026-08-26T04:46:55.564Z","a","time","4","VOLT","9","9.000037","1.117874e-9","8051029901.402126","1.0060907361338e-8","0.01","false","52.547","4217860","+9.000037E+00,+1.117874E-09,+3.694049E+03,+4.217860E+06"
"2026-08-26T04:46:55.772Z","a","time","4","VOLT","9","8.9999","-5.081007e-10","-17712827398.19095","-4.572855489930001e-9","0.01","false","52.755","4217860","+8.999900E+00,-5.081007E-10,+3.694249E+03,+4.217860E+06"
"2026-08-26T04:46:55.996Z","a","time","4","VOLT","9","9.00011","-2.965237e-10","-30352076410.755695","-2.668745917607e-9","0.01","false","52.979","4217860","+9.000110E+00,-2.965237E-10,+3.694462E+03,+4.217860E+06"
"2026-08-26T04:46:56.187Z","a","time","4","VOLT","9","9.00006","4.084089e-10","22036885092.366985","3.6757046045339997e-9","0.01","false","53.17","4217860","+9.000060E+00,+4.084089E-10,+3.694660E+03,+4.217860E+06"
"2026-08-26T04:46:56.426Z","a","time","4","VOLT","9","9.00006","1.257033e-9","7159764302.130492","1.131337242198e-8","0.01","false","53.409","4217860","+9.000060E+00,+1.257033E-09,+3.694891E+03,+4.217860E+06"
"2026-08-26T04:46:56.619Z","a","time","4","VOLT","9","9.000155","-1.016758e-10","-88518162630.6358","-9.150979597489999e-10","0.01","false","53.602","4217860","+9.000155E+00,-1.016758E-10,+3.695082E+03,+4.217860E+06"
"2026-08-26T04:46:56.842Z","a","time","4","VOLT","9","9.000114","1.130526e-9","7960996916.479586","1.0174862879964e-8","0.01","false","53.825","4217860","+9.000114E+00,+1.130526E-09,+3.695296E+03,+4.217860E+06"
"2026-08-26T04:46:57.052Z","a","time","4","VOLT","9","9.000062","6.492818e-10","13861565194.034393","5.8435764554716e-9","0.01","false","54.035","4217860","+9.000062E+00,+6.492818E-10,+3.695498E+03,+4.217860E+06"
"2026-08-26T04:46:57.258Z","a","time","4","VOLT","9","9.00014","1.307131e-9","6885415463.331526","1.1764361998339999e-8","0.01","false","54.241","4217860","+9.000140E+00,+1.307131E-09,+3.695708E+03,+4.217860E+06"
"2026-08-26T04:46:57.466Z","a","time","4","VOLT","9","9.000077","-4.033268e-10","-22314601955.535805","-3.6299722561635998e-9","0.01","false","54.449","4217860","+9.000077E+00,-4.033268E-10,+3.695913E+03,+4.217860E+06"
"2026-08-26T04:46:57.690Z","a","time","4","VOLT","9","9.00011","3.643836e-10","24699547400.04764","3.2794924821959996e-9","0.01","false","54.673","4217860","+9.000110E+00,+3.643836E-10,+3.696126E+03,+4.217860E+06"
"2026-08-26T04:46:57.898Z","a","time","4","VOLT","9","9.000027","2.535619e-10","35494398014.84371","2.2820639461712997e-9","0.01","false","54.881","4217860","+9.000027E+00,+2.535619E-10,+3.696321E+03,+4.217860E+06"
"2026-08-26T04:46:58.105Z","a","time","4","VOLT","9","9.000042","9.56446e-10","9409879909.581932","8.608054170732e-9","0.01","false","55.088","4217860","+9.000042E+00,+9.564460E-10,+3.696534E+03,+4.217860E+06"
"2026-08-26T04:46:58.329Z","a","time","4","VOLT","9","9.000128","-1.451953e-10","-61986359062.58674","-1.3067762849984e-9","0.01","false","55.312","4217860","+9.000128E+00,-1.451953E-10,+3.696742E+03,+4.217860E+06"
"2026-08-26T04:46:58.537Z","a","time","4","VOLT","9","9.000037","7.874313e-10","11429615510.58486","7.086910834958101e-9","0.01","false","55.52","4217860","+9.000037E+00,+7.874313E-10,+3.696947E+03,+4.217860E+06"
"2026-08-26T04:46:58.760Z","a","time","4","VOLT","9","9.000067","1.186695e-9","7584145041.480751","1.0680334508564998e-8","0.01","false","55.743","4217860","+9.000067E+00,+1.186695E-09,+3.697170E+03,+4.217860E+06"
"2026-08-26T04:46:58.953Z","a","time","4","VOLT","9","9.000037","2.682354e-10","33552756273.03481","2.4141285247098e-9","0.01","false","55.936","4217860","+9.000037E+00,+2.682354E-10,+3.697363E+03,+4.217860E+06"
"2026-08-26T04:46:59.176Z","a","time","4","VOLT","9","9.00007","1.175561e-9","7655978719.947327","1.0580131289269998e-8","0.01","false","56.159","4217860","+9.000070E+00,+1.175561E-09,+3.697580E+03,+4.217860E+06"
"2026-08-26T04:46:59.384Z","a","time","4","VOLT","9","9.000047","3.22889e-10","27873501419.99263","2.906016175783e-9","0.01","false","56.367","4217860","+9.000047E+00,+3.228890E-10,+3.697786E+03,+4.217860E+06"
"2026-08-26T04:46:59.607Z","a","time","4","VOLT","9","9.000068","1.328895e-9","6772595276.526738","1.1960145364860002e-8","0.01","false","56.59","4217860","+9.000068E+00,+1.328895E-09,+3.698001E+03,+4.217860E+06"
"2026-08-26T04:46:59.798Z","a","time","4","VOLT","9","9.000028","-5.29361e-10","-17001683161.396477","-4.764263822108e-9","0.01","false","56.781","4217860","+9.000028E+00,-5.293610E-10,+3.698188E+03,+4.217860E+06"
"2026-08-26T04:47:00.022Z","a","time","4","VOLT","9","9.000136","1.371901e-9","6560339266.463104","1.2347295578536e-8","0.01","false","57.005","4217860","+9.000136E+00,+1.371901E-09,+3.698411E+03,+4.217860E+06"
"2026-08-26T04:47:00.230Z","a","time","4","VOLT","9","9.00005","-2.464129e-10","-36524264760.4894","-2.2177284206450002e-9","0.01","false","57.213","4217860","+9.000050E+00,-2.464129E-10,+3.698611E+03,+4.217860E+06"
"2026-08-26T04:47:00.438Z","a","time","4","VOLT","9","9.00008","1.189738e-9","7564757955.112806","1.070773717904e-8","0.01","false","57.421","4217860","+9.000080E+00,+1.189738E-09,+3.698817E+03,+4.217860E+06"
"2026-08-26T04:47:00.646Z","a","time","4","VOLT","9","9.000144","-5.404973e-10","-16651598444.617579","-4.8645535316112e-9","0.01","false","57.629","4217860","+9.000144E+00,-5.404973E-10,+3.699020E+03,+4.217860E+06"
"2026-08-26T04:47:00.853Z","a","time","4","VOLT","9","9.000144","1.151278e-9","7817524524.919265","1.0361667784032e-8","0.01","false","57.836","4217860","+9.000144E+00,+1.151278E-09,+3.699223E+03,+4.217860E+06"
"2026-08-26T04:47:01.062Z","a","time","4","VOLT","9","9.000062","9.665667e-10","9311371889.803362","8.6991602271354e-9","0.01","false","58.045","4217860","+9.000062E+00,+9.665667E-10,+3.699423E+03,+4.217860E+06"
"2026-08-26T04:47:01.270Z","a","time","4","VOLT","9","9.000097","1.245395e-9","7226700765.620546","1.1208675803315e-8","0.01","false","58.253","4217860","+9.000097E+00,+1.245395E-09,+3.699633E+03,+4.217860E+06"
"2026-08-26T04:47:01.492Z","a","time","4","VOLT","9","9.000094","-1.624009e-10","-55418990904.607056","-1.4616233656846e-9","0.01","false","58.475","4217860","+9.000094E+00,-1.624009E-10,+3.699840E+03,+4.217860E+06"
"2026-08-26T04:47:01.685Z","a","time","4","VOLT","9","9.000085","1.214524e-9","7410380527.679979","1.0930819234540001e-8","0.01","false","58.668","4217860","+9.000085E+00,+1.214524E-09,+3.700037E+03,+4.217860E+06"
"2026-08-26T04:47:01.909Z","a","time","4","VOLT","9","9.000107","7.793348e-10","11548447470.843082","7.0140965888236e-9","0.01","false","58.892","4217860","+9.000107E+00,+7.793348E-10,+3.700248E+03,+4.217860E+06"
"2026-08-26T04:47:02.117Z","a","time","4","VOLT","9","9.000057","1.070808e-9","8404921330.434588","9.637333036056e-9","0.01","false","59.1","4217860","+9.000057E+00,+1.070808E-09,+3.700448E+03,+4.217860E+06"
"2026-08-26T04:47:02.325Z","a","time","4","VOLT","9","8.999997","1.259054e-9","7148221601.2974825","1.1331482222838e-8","0.01","false","59.308","4217860","+8.999997E+00,+1.259054E-09,+3.700658E+03,+4.217860E+06"
"2026-08-26T04:47:02.532Z","a","time","4","VOLT","9","9.000087","2.712732e-10","33177206594.680195","2.4414824007684004e-9","0.01","false","59.515","4217860","+9.000087E+00,+2.712732E-10,+3.700865E+03,+4.217860E+06"
"2026-08-26T04:47:02.755Z","a","time","4","VOLT","9","9.000209","-5.627692e-10","-15992717796.212019","-5.0650404187627995e-9","0.01","false","59.738","4217860","+9.000209E+00,-5.627692E-10,+3.701072E+03,+4.217860E+06"
"2026-08-26T04:47:02.946Z","a","time","4","VOLT","9","9.000089","-6.726637e-11","-133797750644.19261","-6.0540331670693e-10","0.01","false","59.929","4217860","+9.000089E+00,-6.726637E-11,+3.701271E+03,+4.217860E+06"
"2026-08-26T04:47:03.171Z","a","time","4","VOLT","9","9.000185","1.393666e-9","6457921051.38534","1.254325182821e-8","0.01","false","60.154","4217860","+9.000185E+00,+1.393666E-09,+3.701488E+03,+4.217860E+06"
"2026-08-26T04:47:03.379Z","a","time","4","VOLT","9","9.000147","1.428586e-9","6300038639.605876","1.2857484002142002e-8","0.01","false","60.362","4217860","+9.000147E+00,+1.428586E-09,+3.701681E+03,+4.217860E+06"
"2026-08-26T04:47:03.587Z","a","time","4","VOLT","9","9.000054","6.543442e-10","13754311568.743177","5.8891331345868005e-9","0.01","false","60.57","4217860","+9.000054E+00,+6.543442E-10,+3.701891E+03,+4.217860E+06"
"2026-08-26T04:47:03.810Z","a","time","4","VOLT","9","9.000087","1.283348e-9","7012974656.9130125","1.1550243651276e-8","0.01","false","60.793","4217860","+9.000087E+00,+1.283348E-09,+3.702104E+03,+4.217860E+06"
"2026-08-26T04:47:04.020Z","a","time","4","VOLT","9","9.00009","7.570684e-10","11888080390.094212","6.813683736156e-9","0.01","false","61.003","4217860","+9.000090E+00,+7.570684E-10,+3.702304E+03,+4.217860E+06"
"2026-08-26T04:47:04.228Z","a","time","4","VOLT","9","9.000134","8.38036e-10","10739555341.297987","7.542436296824e-9","0.01","false","61.211","4217860","+9.000134E+00,+8.380360E-10,+3.702516E+03,+4.217860E+06"
"2026-08-26T04:47:04.449Z","a","time","4","VOLT","9","9.000103","9.356985e-10","9618592954.88878","8.421382876945498e-9","0.01","false","61.432","4217860","+9.000103E+00,+9.356985E-10,+3.702727E+03,+4.217860E+06"
"2026-08-26T04:47:04.657Z","a","time","4","VOLT","9","9.000074","-5.516338e-10","-16315305552.342878","-4.9647450209012e-9","0.01","false","61.64","4217860","+9.000074E+00,-5.516338E-10,+3.702927E+03,+4.217860E+06"
"2026-08-26T04:47:04.864Z","a","time","4","VOLT","9","8.999985","-5.22781e-10","-17215593145.121952","-4.705021158285e-9","0.01","false","61.847","4217860","+8.999985E+00,-5.227810E-10,+3.703138E+03,+4.217860E+06"
"2026-08-26T04:47:05.072Z","a","time","4","VOLT","9","9.00005","1.168477e-9","7702376683.49484","1.051635142385e-8","0.01","false","62.055","4217860","+9.000050E+00,+1.168477E-09,+3.703342E+03,+4.217860E+06"
"2026-08-26T04:47:05.297Z","a","time","4","VOLT","9","9.000198","1.513089e-9","5948227764.526739","1.3618100591622e-8","0.01","false","62.28","4217860","+9.000198E+00,+1.513089E-09,+3.703554E+03,+4.217860E+06"
"2026-08-26T04:47:05.488Z","a","time","4","VOLT","9","9.000072","8.709232e-10","10333944485.575766","7.8383715064704e-9","0.01","false","62.471","4217860","+9.000072E+00,+8.709232E-10,+3.703752E+03,+4.217860E+06"
"2026-08-26T04:47:05.712Z","a","time","4","VOLT","9","9.000117","1.994181e-10","45131896252.145615","1.7947862319176999e-9","0.01","false","62.695","4217860","+9.000117E+00,+1.994181E-10,+3.703966E+03,+4.217860E+06"
"2026-08-26T04:47:05.919Z","a","time","4","VOLT","9","9.000035","-3.147457e-10","-28594624168.018818","-2.8327223160995002e-9","0.01","false","62.902","4217860","+9.000035E+00,-3.147457E-10,+3.704165E+03,+4.217860E+06"
"2026-08-26T04:47:06.126Z","a","time","4","VOLT","9","9.000044","8.395541e-10","10720028643.7765","7.5560238403804e-9","0.01","false","63.109","4217860","+9.000044E+00,+8.395541E-10,+3.704371E+03,+4.217860E+06"
"2026-08-26T04:47:06.351Z","a","time","4","VOLT","9","9.000116","6.953304e-10","12943653837.082342","6.2580542583264005e-9","0.01","false","63.334","4217860","+9.000116E+00,+6.953304E-10,+3.704583E+03,+4.217860E+06"
"2026-08-26T04:47:06.543Z","a","time","4","VOLT","9","9.00013","-5.931391e-10","-15173725690.988842","-5.338329008083e-9","0.01","false","63.526","4217860","+9.000130E+00,-5.931391E-10,+3.704780E+03,+4.217860E+06"
"2026-08-26T04:47:06.766Z","a","time","4","VOLT","9","9.00008","-5.323988e-10","-16904771385.660526","-4.791631791904e-9","0.01","false","63.749","4217860","+9.000080E+00,-5.323988E-10,+3.704995E+03,+4.217860E+06"
"2026-08-26T04:47:06.974Z","a","time","4","VOLT","9","9.000042","1.359251e-9","6621324538.293517","1.2233316088542001e-8","0.01","false","63.957","4217860","+9.000042E+00,+1.359251E-09,+3.705196E+03,+4.217860E+06"
"2026-08-26T04:47:07.181Z","a","time","4","VOLT","9","9.000087","1.200358e-9","7497835645.699034","1.0803326431146001e-8","0.01","false","64.164","4217860","+9.000087E+00,+1.200358E-09,+3.705408E+03,+4.217860E+06"
"2026-08-26T04:47:07.406Z","a","time","4","VOLT","9","8.999938","1.232229e-9","7303786877.27687","1.1089984601802002e-8","0.01","false","64.389","4217860","+8.999938E+00,+1.232229E-09,+3.705621E+03,+4.217860E+06"
"2026-08-26T04:47:07.598Z","a","time","4","VOLT","9","9.000057","-1.882089e-10","-47819508004.137955","-1.6938908279073e-9","0.01","false","64.581","4217860","+9.000057E+00,-1.882089E-10,+3.705812E+03,+4.217860E+06"
"2026-08-26T04:47:07.837Z","a","time","4","VOLT","9","9.00008","-3.046225e-10","-29545027041.666325","-2.7416268698000002e-9","0.01","false","64.82","4217860","+9.000080E+00,-3.046225E-10,+3.706038E+03,+4.217860E+06"
"2026-08-26T04:47:08.029Z","a","time","4","VOLT","9","9.000022","1.386577e-9","6490820199.671565","1.2479223504693999e-8","0.01","false","65.012","4217860","+9.000022E+00,+1.386577E-09,+3.706224E+03,+4.217860E+06"
"2026-08-26T04:47:08.253Z","a","time","4","VOLT","9","9.000052","-5.208504e-11","-172795336242.42203","-4.6876806842208e-10","0.01","false","65.236","4217860","+9.000052E+00,-5.208504E-11,+3.706448E+03,+4.217860E+06"
"2026-08-26T04:47:08.459Z","a","time","4","VOLT","9","9.000064","1.318772e-9","6824579229.7683","1.1869032401408e-8","0.01","false","65.442","4217860","+9.000064E+00,+1.318772E-09,+3.706646E+03,+4.217860E+06"
"2026-08-26T04:47:08.668Z","a","time","4","VOLT","9","9.000012","1.157849e-9","7773044671.628166","1.0420654894188e-8","0.01","false","65.651","4217860","+9.000012E+00,+1.157849E-09,+3.706860E+03,+4.217860E+06"
"2026-08-26T04:47:08.891Z","a","time","4","VOLT","9","9.00007","1.436676e-9","6264509186.483243","1.2930184567319998e-8","0.01","false","65.874","4217860","+9.000070E+00,+1.436676E-09,+3.707070E+03,+4.217860E+06"
"2026-08-26T04:47:09.084Z","a","time","4","VOLT","9","9.000042","1.276767e-9","7049087264.943408","1.1490956624214001e-8","0.01","false","66.067","4217860","+9.000042E+00,+1.276767E-09,+3.707266E+03,+4.217860E+06"
"2026-08-26T04:47:09.306Z","a","time","4","VOLT","9","9.000103","1.338504e-9","6724001571.904156","1.2046673865911998e-8","0.01","false","66.289","4217860","+9.000103E+00,+1.338504E-09,+3.707479E+03,+4.217860E+06"
"2026-08-26T04:47:09.514Z","a","time","4","VOLT","9","9.000085","-2.981899e-11","-301823938369.47534","-2.6837344461415e-10","0.01","false","66.497","4217860","+9.000085E+00,-2.981899E-11,+3.707681E+03,+4.217860E+06"
"2026-08-26T04:47:09.722Z","a","time","4","VOLT","9","9.000123","1.484748e-9","6061717543.987263","1.3362914624004002e-8","0.01","false","66.705","4217860","+9.000123E+00,+1.484748E-09,+3.707887E+03,+4.217860E+06"
"2026-08-26T04:47:09.930Z","a","time","4","VOLT","9","9.000054","-3.926952e-10","-22918675858.528446","-3.5342780055408004e-9","0.01","false","66.913","4217860","+9.000054E+00,-3.926952E-10,+3.708092E+03,+4.217860E+06"
"2026-08-26T04:47:10.137Z","a","time","4","VOLT","9","9.000114","1.196817e-9","7520041911.169376","1.0771489437138e-8","0.01","false","67.12","4217860","+9.000114E+00,+1.196817E-09,+3.708294E+03,+4.217860E+06"
"2026-08-26T04:47:10.346Z","a","time","4","VOLT","9","9.000074","-2.808326e-10","-32047824932.005756","-2.5275141816124e-9","0.01","false","67.329","4217860","+9.000074E+00,-2.808326E-10,+3.708500E+03,+4.217860E+06"
"2026-08-26T04:47:10.553Z","a","time","4","VOLT","9","9.000144","1.387589e-9","6486174220.176147","1.2488500812816002e-8","0.01","false","67.536","4217860","+9.000144E+00,+1.387589E-09,+3.708702E+03,+4.217860E+06"
"2026-08-26T04:47:10.777Z","a","time","4","VOLT","9","9.000075","1.087002e-9","8279722576.407403","9.783099525150002e-9","0.01","false","67.76","4217860","+9.000075E+00,+1.087002E-09,+3.708914E+03,+4.217860E+06"
"2026-08-26T04:47:10.985Z","a","time","4","VOLT","9","9.00024","-5.678318e-10","-15850186622.165224","-5.110622479632e-9","0.01","false","67.968","4217860","+9.000240E+00,-5.678318E-10,+3.709116E+03,+4.217860E+06"
"2026-08-26T04:47:11.209Z","a","time","4","VOLT","9","9.000103","1.340022e-9","6716384507.120032","1.2060336022265998e-8","0.01","false","68.192","4217860","+9.000103E+00,+1.340022E-09,+3.709338E+03,+4.217860E+06"
"2026-08-26T04:47:11.400Z","a","time","4","VOLT","9","9.00005","4.504099e-10","19981909811.48505","4.0537116204950004e-9","0.01","false","68.383","4217860","+9.000050E+00,+4.504099E-10,+3.709528E+03,+4.217860E+06"
"2026-08-26T04:47:11.624Z","a","time","4","VOLT","9","9.000134","6.037404e-10","14907291279.496946","5.4337445012136e-9","0.01","false","68.607","4217860","+9.000134E+00,+6.037404E-10,+3.709747E+03,+4.217860E+06"
"2026-08-26T04:47:11.831Z","a","time","4","VOLT","9","9.000083","-2.818452e-10","-31932716966.618557","-2.5366301931516e-9","0.01","false","68.814","4217860","+9.000083E+00,-2.818452E-10,+3.709948E+03,+4.217860E+06"
"2026-08-26T04:47:12.055Z","a","time","4","VOLT","9","9.000128","-3.95227e-10","-22772047456.271965","-3.5570935890560002e-9","0.01","false","69.038","4217860","+9.000128E+00,-3.952270E-10,+3.710161E+03,+4.217860E+06"
"2026-08-26T04:47:12.262Z","a","time","4","VOLT","9","9.00007","9.599892e-10","9375178387.423523","8.639969999244e-9","0.01","false","69.245","4217860","+9.000070E+00,+9.599892E-10,+3.710365E+03,+4.217860E+06"
"2026-08-26T04:47:12.470Z","a","time","4","VOLT","9","9.000072","-4.777331e-10","-18839121676.936344","-4.2996322967831995e-9","0.01","false","69.453","4217860","+9.000072E+00,-4.777331E-10,+3.710581E+03,+4.217860E+06"
"2026-08-26T04:47:12.678Z","a","time","4","VOLT","9","9.000085","-1.362642e-11","-660487861081.634","-1.2263893824570001e-10","0.01","false","69.661","4217860","+9.000085E+00,-1.362642E-11,+3.710781E+03,+4.217860E+06"
"2026-08-26T04:47:12.886Z","a","time","4","VOLT","9","9.000062","-4.584978e-10","-19629455146.785873","-4.1265086268635995e-9","0.01","false","69.869","4217860","+9.000062E+00,-4.584978E-10,+3.710987E+03,+4.217860E+06"
"2026-08-26T04:47:13.094Z","a","time","4","VOLT","9","9.00012","-3.648566e-10","-24667554321.34159","-3.2837531827920006e-9","0.01","false","70.077","4217860","+9.000120E+00,-3.648566E-10,+3.711184E+03,+4.217860E+06"
"2026-08-26T04:47:13.303Z","a","time","4","VOLT","9","9.000057","1.365321e-9","6591898169.002015","1.2287966823297e-8","0.01","false","70.286","4217860","+9.000057E+00,+1.365321E-09,+3.711386E+03,+4.217860E+06"
"2026-08-26T04:47:13.510Z","a","time","4","VOLT","9","9.000008","-4.681146e-10","-19226078400.46006","-4.2130351449168e-9","0.01","false","70.493","4217860","+9.000008E+00,-4.681146E-10,+3.711590E+03,+4.217860E+06"
"2026-08-26T04:47:13.718Z","a","time","4","VOLT","9","9.000129","1.104207e-9","8150762492.902146","9.938005442702998e-9","0.01","false","70.701","4217860","+9.000129E+00,+1.104207E-09,+3.711796E+03,+4.217860E+06"
"2026-08-26T04:47:13.926Z","a","time","4","VOLT","9","9.000085","-3.886463e-10","-23157521376.12014","-3.4978497349355002e-9","0.01","false","70.909","4217860","+9.000085E+00,-3.886463E-10,+3.711998E+03,+4.217860E+06"
"2026-08-26T04:47:14.133Z","a","time","4","VOLT","9","9.000012","3.279485e-10","27443369919.36234","2.9515404353819998e-9","0.01","false","71.116","4217860","+9.000012E+00,+3.279485E-10,+3.712199E+03,+4.217860E+06"
"2026-08-26T04:47:14.340Z","a","time","4","VOLT","9","9.00009","5.167008e-10","17418378295.524216","4.6503537030720004e-9","0.01","false","71.323","4217860","+9.000090E+00,+5.167008E-10,+3.712402E+03,+4.217860E+06"
"2026-08-26T04:47:14.564Z","a","time","4","VOLT","9","9.000078","-7.596707e-10","-11847341222.979904","-6.837095554314601e-9","0.01","false","71.547","4217860","+9.000078E+00,-7.596707E-10,+3.712616E+03,+4.217860E+06"
"2026-08-26T04:47:14.756Z","a","time","4","VOLT","9","9.000085","-6.472985e-10","-13904072078.028917","-5.8257415203725e-9","0.01","false","71.739","4217860","+9.000085E+00,-6.472985E-10,+3.712813E+03,+4.217860E+06"
"2026-08-26T04:47:14.996Z","a","time","4","VOLT","9","9.00003","1.223128e-9","7358207808.177068","1.1008188693840001e-8","0.01","false","71.979","4217860","+9.000030E+00,+1.223128E-09,+3.713035E+03,+4.217860E+06"
"2026-08-26T04:47:15.188Z","a","time","4","VOLT","9","9.00013","9.169761e-10","9815010445.746624","8.252904106893e-9","0.01","false","72.171","4217860","+9.000130E+00,+9.169761E-10,+3.713231E+03,+4.217860E+06"
"2026-08-26T04:47:15.411Z","a","time","4","VOLT","9","9.000042","-4.119303e-10","-21848458343.55958","-3.7073900010726e-9","0.01","false","72.395","4217860","+9.000042E+00,-4.119303E-10,+3.713449E+03,+4.217860E+06"
"2026-08-26T04:47:15.618Z","a","time","4","VOLT","9","9.000027","2.69249e-10","33426408268.925785","2.4232482697229998e-9","0.01","false","72.601","4217860","+9.000027E+00,+2.692490E-10,+3.713649E+03,+4.217860E+06"
"2026-08-26T04:47:15.826Z","a","time","4","VOLT","9","9.000012","-4.964605e-10","-18128354622.37177","-4.468150457526e-9","0.01","false","72.809","4217860","+9.000012E+00,-4.964605E-10,+3.713855E+03,+4.217860E+06"
"2026-08-26T04:47:16.035Z","a","time","4","VOLT","9","9.000039","1.251973e-9","7188684580.258519","1.1267805826947e-8","0.01","false","73.018","4217860","+9.000039E+00,+1.251973E-09,+3.714062E+03,+4.217860E+06"
"2026-08-26T04:47:16.242Z","a","time","4","VOLT","9","9.00003","-3.127212e-10","-28779724559.767616","-2.814500181636e-9","0.01","false","73.226","4217860","+9.000030E+00,-3.127212E-10,+3.714265E+03,+4.217860E+06"
"2026-08-26T04:47:16.466Z","a","time","4","VOLT","9","9.000077","5.050625e-10","17819729241.430515","4.545601389812499e-9","0.01","false","73.449","4217860","+9.000077E+00,+5.050625E-10,+3.714479E+03,+4.217860E+06"
"2026-08-26T04:47:16.658Z","a","time","4","VOLT","9","8.99998","-4.45843e-10","-20186433340.88457","-4.012578083140001e-9","0.01","false","73.641","4217860","+8.999980E+00,-4.458430E-10,+3.714672E+03,+4.217860E+06"
"2026-08-26T04:47:16.898Z","a","time","4","VOLT","9","9.000145","-8.548316e-11","-105285590752.61139","-7.693608350582e-10","0.01","false","73.881","4217860","+9.000145E+00,-8.548316E-11,+3.714901E+03,+4.217860E+06"
"2026-08-26T04:47:17.090Z","a","time","4","VOLT","9","9.000092","-5.440415e-10","-16543024750.86919","-4.896423551818e-9","0.01","false","74.073","4217860","+9.000092E+00,-5.440415E-10,+3.715094E+03,+4.217860E+06"
"2026-08-26T04:47:17.313Z","a","time","4","VOLT","9","9.000105","-3.051288e-10","-29496084932.002483","-2.7461912385239997e-9","0.01","false","74.296","4217860","+9.000105E+00,-3.051288E-10,+3.715307E+03,+4.217860E+06"
"2026-08-26T04:47:17.521Z","a","time","4","VOLT","9","9.000109","-2.681785e-10","-33560143710.25269","-2.4136357314564998e-9","0.01","false","74.504","4217860","+9.000109E+00,-2.681785E-10,+3.715502E+03,+4.217860E+06"
"2026-08-26T04:47:17.744Z","a","time","4","VOLT","9","9.000243","8.274159e-10","10877532085.133968","7.446944162063699e-9","0.01","false","74.727","4217860","+9.000243E+00,+8.274159E-10,+3.715724E+03,+4.217860E+06"
"2026-08-26T04:47:17.952Z","a","time","4","VOLT","9","9.000023","1.321131e-10","68123622865.55989","1.1890209386013002e-9","0.01","false","74.935","4217860","+9.000023E+00,+1.321131E-10,+3.715928E+03,+4.217860E+06"
"2026-08-26T04:47:18.160Z","a","time","4","VOLT","9","9.0001","1.397214e-9","6441461365.259724","1.2575065721399999e-8","0.01","false","75.143","4217860","+9.000100E+00,+1.397214E-09,+3.716142E+03,+4.217860E+06"
"2026-08-26T04:47:18.368Z","a","time","4","VOLT","9","9.000181","1.294986e-9","6950021853.518106","1.1655108392466e-8","0.01","false","75.351","4217860","+9.000181E+00,+1.294986E-09,+3.716340E+03,+4.217860E+06"
"2026-08-26T04:47:18.576Z","a","time","4","VOLT","9","9.000103","-3.248692e-10","-27703774319.018238","-2.9238562615275997e-9","0.01","false","75.559","4217860","+9.000103E+00,-3.248692E-10,+3.716545E+03,+4.217860E+06"
"2026-08-26T04:47:18.798Z","a","time","4","VOLT","9","9.000126","-5.156947e-10","-17452430672.644108","-4.6413172775322e-9","0.01","false","75.781","4217860","+9.000126E+00,-5.156947E-10,+3.716754E+03,+4.217860E+06"
"2026-08-26T04:47:19.007Z","a","time","4","VOLT","9","9.000113","1.108269e-9","8120874083.819001","9.974546234397001e-9","0.01","false","75.99","4217860","+9.000113E+00,+1.108269E-09,+3.716954E+03,+4.217860E+06"
"2026-08-26T04:47:19.215Z","a","time","4","VOLT","9","9.000027","1.273227e-9","7068674321.232584","1.1459077377128999e-8","0.01","false","76.198","4217860","+9.000027E+00,+1.273227E-09,+3.717170E+03,+4.217860E+06"
"2026-08-26T04:47:19.439Z","a","time","4","VOLT","9","9.000122","3.881722e-10","23185900484.372658","3.4935971570083998e-9","0.01","false","76.422","4217860","+9.000122E+00,+3.881722E-10,+3.717378E+03,+4.217860E+06"
"2026-08-26T04:47:19.629Z","a","time","4","VOLT","9","9.00012","1.560655e-9","5766886339.389552","1.40460822786e-8","0.01","false","76.612","4217860","+9.000120E+00,+1.560655E-09,+3.717576E+03,+4.217860E+06"
"2026-08-26T04:47:19.854Z","a","time","4","VOLT","9","9.000085","1.114333e-9","8076656618.80246","1.0029091718305e-8","0.01","false","76.837","4217860","+9.000085E+00,+1.114333E-09,+3.717790E+03,+4.217860E+06"
"2026-08-26T04:47:20.061Z","a","time","4","VOLT","9","9.000198","-2.008598e-10","-44808358865.238335","-1.8077779702404e-9","0.01","false","77.044","4217860","+9.000198E+00,-2.008598E-10,+3.717993E+03,+4.217860E+06"
"2026-08-26T04:47:20.284Z","a","time","4","VOLT","9","9.000082","-1.421596e-10","-63309702615.93308","-1.2794480570872001e-9","0.01","false","77.267","4217860","+9.000082E+00,-1.421596E-10,+3.718207E+03,+4.217860E+06"
"2026-08-26T04:47:20.478Z","a","time","4","VOLT","9","9.000072","3.031527e-10","29688246220.469086","2.7283961269944e-9","0.01","false","77.461","4217860","+9.000072E+00,+3.031527E-10,+3.718402E+03,+4.217860E+06"
"2026-08-26T04:47:20.701Z","a","time","4","VOLT","9","9.00007","9.215304e-10","9766438524.437174","8.293838107128e-9","0.01","false","77.684","4217860","+9.000070E+00,+9.215304E-10,+3.718615E+03,+4.217860E+06"
"2026-08-26T04:47:20.908Z","a","time","4","VOLT","9","9.00003","-1.07243e-10","-83921841052.56288","-9.6519021729e-10","0.01","false","77.891","4217860","+9.000030E+00,-1.072430E-10,+3.718819E+03,+4.217860E+06"
"2026-08-26T04:47:21.117Z","a","time","4","VOLT","9","9.000067","9.296279e-10","9681364984.85039","8.3667133850693e-9","0.01","false","78.1","4217860","+9.000067E+00,+9.296279E-10,+3.719028E+03,+4.217860E+06"
"2026-08-26T04:47:21.341Z","a","time","4","VOLT","9","9.000094","1.407835e-9","6392861379.351984","1.267064733649e-8","0.01","false","78.324","4217860","+9.000094E+00,+1.407835E-09,+3.719238E+03,+4.217860E+06"
"2026-08-26T04:47:21.531Z","a","time","4","VOLT","9","9.00001","1.233751e-9","7294835019.383976","1.1103771337509998e-8","0.01","false","78.514","4217860","+9.000010E+00,+1.233751E-09,+3.719435E+03,+4.217860E+06"
"2026-08-26T04:47:21.771Z","a","time","4","VOLT","9","9.00007","1.09847e-10","81932779229.29164","9.8863068929e-10","0.01","false","78.754","4217860","+9.000070E+00,+1.098470E-10,+3.719657E+03,+4.217860E+06"
"2026-08-26T04:47:21.963Z","a","time","4","VOLT","9","9.00007","-1.335569e-10","-67387532954.11918","-1.2020214489829998e-9","0.01","false","78.946","4217860","+9.000070E+00,-1.335569E-10,+3.719851E+03,+4.217860E+06"
"2026-08-26T04:47:22.202Z","a","time","4","VOLT","9","9.000017","1.984025e-10","45362417308.24964","1.7856258728425e-9","0.01","false","79.185","4217860","+9.000017E+00,+1.984025E-10,+3.720080E+03,+4.217860E+06"
"2026-08-26T04:47:22.394Z","a","time","4","VOLT","9","9.000082","1.168981e-9","7699083218.6322975","1.0520924856442e-8","0.01","false","79.378","4217860","+9.000082E+00,+1.168981E-09,+3.720278E+03,+4.217860E+06"
"2026-08-26T04:47:22.618Z","a","time","4","VOLT","9","9.000047","1.256536e-9","7162585870.997727","1.1308883057192002e-8","0.01","false","79.601","4217860","+9.000047E+00,+1.256536E-09,+3.720491E+03,+4.217860E+06"
"2026-08-26T04:47:22.826Z","a","time","4","VOLT","9","9.000025","9.594813e-10","9380094223.826979","8.635355687032501e-9","0.01","false","79.809","4217860","+9.000025E+00,+9.594813E-10,+3.720691E+03,+4.217860E+06"
"2026-08-26T04:47:23.033Z","a","time","4","VOLT","9","9.000017","1.341031e-9","6711266928.206731","1.2069301797526999e-8","0.01","false","80.016","4217860","+9.000017E+00,+1.341031E-09,+3.720901E+03,+4.217860E+06"
"2026-08-26T04:47:23.258Z","a","time","4","VOLT","9","9.000042","1.508026e-9","5968094714.547362","1.3572297337092e-8","0.01","false","80.241","4217860","+9.000042E+00,+1.508026E-09,+3.721111E+03,+4.217860E+06"
"2026-08-26T04:47:23.465Z","a","time","4","VOLT","9","9.000022","2.039695e-10","44124351925.16528","1.8357299873289999e-9","0.01","false","80.448","4217860","+9.000022E+00,+2.039695E-10,+3.721321E+03,+4.217860E+06"
"2026-08-26T04:47:23.673Z","a","time","4","VOLT","9","9.000077","7.904732e-10","11385682651.859669","7.1143196664364e-9","0.01","false","80.656","4217860","+9.000077E+00,+7.904732E-10,+3.721534E+03,+4.217860E+06"
"2026-08-26T04:47:23.897Z","a","time","4","VOLT","9","9.000062","1.311684e-9","6861455960.429494","1.1805237324407999e-8","0.01","false","80.88","4217860","+9.000062E+00,+1.311684E-09,+3.721747E+03,+4.217860E+06"
"2026-08-26T04:47:24.090Z","a","time","4","VOLT","9","8.999935","-7.333913e-11","-122716686167.39795","-6.600474029565501e-10","0.01","false","81.073","4217860","+8.999935E+00,-7.333913E-11,+3.721939E+03,+4.217860E+06"
"2026-08-26T04:47:24.312Z","a","time","4","VOLT","9","9.00011","-1.138214e-10","-79072213133.90979","-1.024405120354e-9","0.01","false","81.295","4217860","+9.000110E+00,-1.138214E-10,+3.722151E+03,+4.217860E+06"
"2026-08-26T04:47:24.520Z","a","time","4","VOLT","9","9.000085","9.437979e-10","9536029906.402632","8.4942613228215e-9","0.01","false","81.503","4217860","+9.000085E+00,+9.437979E-10,+3.722354E+03,+4.217860E+06"
"2026-08-26T04:47:24.728Z","a","time","4","VOLT","9","9.000075","-2.575489e-10","-34945111394.37987","-2.3179594161675e-9","0.01","false","81.711","4217860","+9.000075E+00,-2.575489E-10,+3.722557E+03,+4.217860E+06"
"2026-08-26T04:47:24.951Z","a","time","4","VOLT","9","9.000137","8.800363e-10","10227006545.070927","7.9204472649731e-9","0.01","false","81.934","4217860","+9.000137E+00,+8.800363E-10,+3.722771E+03,+4.217860E+06"
"2026-08-26T04:47:25.143Z","a","time","4","VOLT","9","9.000078","9.311423e-10","9665631128.561125","8.3803533290994e-9","0.01","false","82.127","4217860","+9.000078E+00,+9.311423E-10,+3.722966E+03,+4.217860E+06"
"2026-08-26T04:47:25.367Z","a","time","4","VOLT","9","9.000094","1.046018e-9","8604148303.375277","9.414260325692001e-9","0.01","false","82.35","4217860","+9.000094E+00,+1.046018E-09,+3.723183E+03,+4.217860E+06"
"2026-08-26T04:47:25.575Z","a","time","4","VOLT","9","9.000087","9.822558e-10","9162671271.57712","8.840387656254601e-9","0.01","false","82.558","4217860","+9.000087E+00,+9.822558E-10,+3.723378E+03,+4.217860E+06"
"2026-08-26T04:47:25.782Z","a","time","4","VOLT","9","9.000126","1.319352e-11","682162607098.0299","1.1874334238352e-10","0.01","false","82.765","4217860","+9.000126E+00,+1.319352E-11,+3.723593E+03,+4.217860E+06"
"2026-08-26T04:47:26.006Z","a","time","4","VOLT","9","9.00008","-5.511271e-10","-16330316545.856663","-4.960187990168e-9","0.01","false","82.989","4217860","+9.000080E+00,-5.511271E-10,+3.723808E+03,+4.217860E+06"
"2026-08-26T04:47:26.214Z","a","time","4","VOLT","9","9.00009","-4.377451e-10","-20560115921.343266","-3.939745297059e-9","0.01","false","83.197","4217860","+9.000090E+00,-4.377451E-10,+3.724004E+03,+4.217860E+06"
"2026-08-26T04:47:26.423Z","a","time","4","VOLT","9","9.00002","-3.020913e-10","-29792383958.094788","-2.7188277418259996e-9","0.01","false","83.406","4217860","+9.000020E+00,-3.020913E-10,+3.724212E+03,+4.217860E+06"
"2026-08-26T04:47:26.645Z","a","time","4","VOLT","9","9.000052","-2.909558e-10","-30932712116.41081","-2.6186173297016e-9","0.01","false","83.628","4217860","+9.000052E+00,-2.909558E-10,+3.724423E+03,+4.217860E+06"
"2026-08-26T04:47:26.837Z","a","time","4","VOLT","9","9.000109","-2.585612e-10","-34808428333.408104","-2.3270789831708002e-9","0.01","false","83.82","4217860","+9.000109E+00,-2.585612E-10,+3.724625E+03,+4.217860E+06"
"2026-08-26T04:47:27.061Z","a","time","4","VOLT","9","9.000074","-3.38673e-11","-265745246890.068","-3.0480820618019997e-10","0.01","false","84.044","4217860","+9.000074E+00,-3.386730E-11,+3.724837E+03,+4.217860E+06"
"2026-08-26T04:47:27.269Z","a","time","4","VOLT","9","9.000027","-5.091152e-10","-17677780981.593163","-4.5820505461103996e-9","0.01","false","84.252","4217860","+9.000027E+00,-5.091152E-10,+3.725047E+03,+4.217860E+06"
"2026-08-26T04:47:27.493Z","a","time","4","VOLT","9","9.00007","-5.344234e-10","-16840710941.923573","-4.809848009638e-9","0.01","false","84.476","4217860","+9.000070E+00,-5.344234E-10,+3.725258E+03,+4.217860E+06"
"2026-08-26T04:47:27.684Z","a","time","4","VOLT","9","9.000068","-4.30152e-10","-20922994662.351913","-3.871397250336e-9","0.01","false","84.667","4217860","+9.000068E+00,-4.301520E-10,+3.725452E+03,+4.217860E+06"
"2026-08-26T04:47:27.908Z","a","time","4","VOLT","9","9.000072","-4.443264e-10","-20255541871.92118","-3.9989695915008e-9","0.01","false","84.891","4217860","+9.000072E+00,-4.443264E-10,+3.725667E+03,+4.217860E+06"
"2026-08-26T04:47:28.115Z","a","time","4","VOLT","9","8.999952","-5.926314e-10","-15186424479.026932","-5.3336541536928e-9","0.01","false","85.098","4217860","+8.999952E+00,-5.926314E-10,+3.725874E+03,+4.217860E+06"
"2026-08-26T04:47:28.338Z","a","time","4","VOLT","9","9.000067","1.154309e-9","7796930457.962296","1.0388858338702999e-8","0.01","false","85.321","4217860","+9.000067E+00,+1.154309E-09,+3.726080E+03,+4.217860E+06"
"2026-08-26T04:47:28.532Z","a","time","4","VOLT","9","9.000052","-6.903233e-10","-13037444918.924221","-6.2129455968116e-9","0.01","false","85.515","4217860","+9.000052E+00,-6.903233E-10,+3.726282E+03,+4.217860E+06"
"2026-08-26T04:47:28.754Z","a","time","4","VOLT","9","9.000032","-9.712231e-11","-92666988666.14684","-8.741038979139199e-10","0.01","false","85.737","4217860","+9.000032E+00,-9.712231E-11,+3.726498E+03,+4.217860E+06"
"2026-08-26T04:47:28.963Z","a","time","4","VOLT","9","9.000097","-2.378081e-10","-37846048978.14667","-2.1402959673857e-9","0.01","false","85.946","4217860","+9.000097E+00,-2.378081E-10,+3.726692E+03,+4.217860E+06"
"2026-08-26T04:47:29.170Z","a","time","4","VOLT","9","9.000148","-6.462873e-10","-13925924275.473152","-5.8166813505203994e-9","0.01","false","86.153","4217860","+9.000148E+00,-6.462873E-10,+3.726901E+03,+4.217860E+06"
"2026-08-26T04:47:29.394Z","a","time","4","VOLT","9","9.000037","-5.020279e-10","-17927364196.292675","-4.5182696750323004e-9","0.01","false","86.377","4217860","+9.000037E+00,-5.020279E-10,+3.727112E+03,+4.217860E+06"
"2026-08-26T04:47:29.586Z","a","time","4","VOLT","9","9.000019","-4.185106e-10","-21504877056.87741","-3.7666033517014005e-9","0.01","false","86.569","4217860","+9.000019E+00,-4.185106E-10,+3.727307E+03,+4.217860E+06"
"2026-08-26T04:47:29.809Z","a","time","4","VOLT","9","9.00012","-2.621042e-10","-34337946511.349308","-2.358969252504e-9","0.01","false","86.792","4217860","+9.000120E+00,-2.621042E-10,+3.727522E+03,+4.217860E+06"
"2026-08-26T04:47:30.018Z","a","time","4","VOLT","9","9.00012","7.833824e-10","11488795255.037643","7.050535605888e-9","0.01","false","87.001","4217860","+9.000120E+00,+7.833824E-10,+3.727721E+03,+4.217860E+06"
"2026-08-26T04:47:30.224Z","a","time","4","VOLT","9","9.0001","7.337907e-10","12265214045.367432","6.60418967907e-9","0.01","false","87.207","4217860","+9.000100E+00,+7.337907E-10,+3.727932E+03,+4.217860E+06"
"2026-08-26T04:47:30.448Z","a","time","4","VOLT","9","9.000065","-4.348255e-11","-206981076316.82132","-3.9134577636575e-10","0.01","false","87.431","4217860","+9.000065E+00,-4.348255E-11,+3.728143E+03,+4.217860E+06"
"2026-08-26T04:47:30.656Z","a","time","4","VOLT","9","8.999992","1.255509e-9","7168401023.011385","1.1299570955928001e-8","0.01","false","87.639","4217860","+8.999992E+00,+1.255509E-09,+3.728343E+03,+4.217860E+06"
"2026-08-26T04:47:30.880Z","a","time","4","VOLT","9","9.000075","-3.87634e-10","-23217971075.808624","-3.4887350725500004e-9","0.01","false","87.863","4217860","+9.000075E+00,-3.876340E-10,+3.728564E+03,+4.217860E+06"
"2026-08-26T04:47:31.070Z","a","time","4","VOLT","9","9.000017","-6.280638e-10","-14329781464.876657","-5.652584877084599e-9","0.01","false","88.053","4217860","+9.000017E+00,-6.280638E-10,+3.728757E+03,+4.217860E+06"
"2026-08-26T04:47:31.294Z","a","time","4","VOLT","9","9.000035","1.223126e-9","7358223927.870064","1.1008176809410002e-8","0.01","false","88.277","4217860","+9.000035E+00,+1.223126E-09,+3.728976E+03,+4.217860E+06"
"2026-08-26T04:47:31.503Z","a","time","4","VOLT","9","9.000107","-4.898807e-10","-18372038335.047695","-4.4089787172349e-9","0.01","false","88.486","4217860","+9.000107E+00,-4.898807E-10,+3.729181E+03,+4.217860E+06"
"2026-08-26T04:47:31.727Z","a","time","4","VOLT","9","9.000117","1.167592e-11","770827223893.2777","1.0508464608264e-10","0.01","false","88.71","4217860","+9.000117E+00,+1.167592E-11,+3.729392E+03,+4.217860E+06"
"2026-08-26T04:47:31.920Z","a","time","4","VOLT","9","9.000095","1.402086e-10","64190748641.66678","1.261890719817e-9","0.01","false","88.903","4217860","+9.000095E+00,+1.402086E-10,+3.729594E+03,+4.217860E+06"
"2026-08-26T04:47:32.143Z","a","time","4","VOLT","9","9.000097","1.41593e-9","6356314930.822851","1.2743507345210001e-8","0.01","false","89.126","4217860","+9.000097E+00,+1.415930E-09,+3.729810E+03,+4.217860E+06"
"2026-08-26T04:47:32.365Z","a","time","4","VOLT","9","9.000072","4.254319e-11","211551413986.5863","3.8289177310968e-10","0.01","false","89.348","4217860","+9.000072E+00,+4.254319E-11,+3.730017E+03,+4.217860E+06"
"2026-08-26T04:47:32.574Z","a","time","4","VOLT","9","9.000072","-4.509053e-10","-19960004905.686405","-4.0581801651816e-9","0.01","false","89.557","4217860","+9.000072E+00,-4.509053E-10,+3.730225E+03,+4.217860E+06"
"2026-08-26T04:47:32.797Z","a","time","4","VOLT","9","9.000077","-4.352144e-10","-20679639736.1852","-3.9169631115088e-9","0.01","false","89.78","4217860","+9.000077E+00,-4.352144E-10,+3.730437E+03,+4.217860E+06"
"2026-08-26T04:47:32.989Z","a","time","4","VOLT","9","9.00007","-3.577703e-10","-25156000931.32381","-3.2199577439209994e-9","0.01","false","89.972","4217860","+9.000070E+00,-3.577703E-10,+3.730633E+03,+4.217860E+06"
"2026-08-26T04:47:33.214Z","a","time","4","VOLT","9","9.000081","1.163918e-9","7732573085.045509","1.0475356277358e-8","0.01","false","90.197","4217860","+9.000081E+00,+1.163918E-09,+3.730854E+03,+4.217860E+06"
"2026-08-26T04:47:33.422Z","a","time","4","VOLT","9","9.000097","-4.721648e-10","-19061346800.947464","-4.2495289999856e-9","0.01","false","90.405","4217860","+9.000097E+00,-4.721648E-10,+3.731055E+03,+4.217860E+06"
"2026-08-26T04:47:33.643Z","a","time","4","VOLT","9","9.00011","-4.630535e-10","-19436436610.45646","-4.1675324358849995e-9","0.01","false","90.626","4217860","+9.000110E+00,-4.630535E-10,+3.731266E+03,+4.217860E+06"
"2026-08-26T04:47:33.853Z","a","time","4","VOLT","9","9.000031","7.67186e-10","11731224240.275501","6.904697782766e-9","0.01","false","90.836","4217860","+9.000031E+00,+7.671860E-10,+3.731473E+03,+4.217860E+06"
"2026-08-26T04:47:34.076Z","a","time","4","VOLT","9","9.00008","-4.352142e-10","-20679656132.543472","-3.916962617136e-9","0.01","false","91.059","4217860","+9.000080E+00,-4.352142E-10,+3.731691E+03,+4.217860E+06"
"2026-08-26T04:47:34.268Z","a","time","4","VOLT","9","9.000048","-1.629071e-10","-55246505523.70032","-1.4661717195408e-9","0.01","false","91.251","4217860","+9.000048E+00,-1.629071E-10,+3.731887E+03,+4.217860E+06"
"2026-08-26T04:47:34.490Z","a","time","4","VOLT","9","9.000037","1.926576e-11","467151931717.20197","1.7339255283312e-10","0.01","false","91.473","4217860","+9.000037E+00,+1.926576E-11,+3.732101E+03,+4.217860E+06"
"2026-08-26T04:47:34.700Z","a","time","4","VOLT","9","8.999977","1.234258e-9","7291811760.588142","1.1108293612066e-8","0.01","false","91.683","4217860","+8.999977E+00,+1.234258E-09,+3.732298E+03,+4.217860E+06"
"2026-08-26T04:47:34.907Z","a","time","4","VOLT","9","9.000167","-2.013658e-10","-44695608688.267815","-1.8123258280886e-9","0.01","false","91.89","4217860","+9.000167E+00,-2.013658E-10,+3.732506E+03,+4.217860E+06"
"2026-08-26T04:47:35.115Z","a","time","4","VOLT","9","9.000062","-5.592255e-10","-16093797582.549438","-5.033064171981e-9","0.01","false","92.098","4217860","+9.000062E+00,-5.592255E-10,+3.732715E+03,+4.217860E+06"
"2026-08-26T04:47:35.322Z","a","time","4","VOLT","9","9.000067","1.318265e-9","6827206214.22855","1.1864473323755001e-8","0.01","false","92.305","4217860","+9.000067E+00,+1.318265E-09,+3.732918E+03,+4.217860E+06"
"2026-08-26T04:47:35.531Z","a","time","4","VOLT","9","9.00013","-7.222123e-10","-12461889668.730371","-6.500004587599001e-9","0.01","false","92.514","4217860","+9.000130E+00,-7.222123E-10,+3.733121E+03,+4.217860E+06"
"2026-08-26T04:47:35.753Z","a","time","4","VOLT","9","8.999957","-4.610268e-10","-19521548421.913868","-4.149221375847601e-9","0.01","false","92.736","4217860","+8.999957E+00,-4.610268E-10,+3.733332E+03,+4.217860E+06"
"2026-08-26T04:47:35.945Z","a","time","4","VOLT","9","8.999995","1.115842e-9","8065653560.271078","1.004257242079e-8","0.01","false","92.928","4217860","+8.999995E+00,+1.115842E-09,+3.733522E+03,+4.217860E+06"